"","QUANT003","QUANT005","QUANT006","QUANT007","QUANT008","QUANT009","QUANT010","QUANT011","QUANT012","QUANT013","QUANT018","QUANT020","QUANT021","QUANT022","QUANT026","QUANT027","QUANT028","QUANT029","QUANT030","QUANT031","QUANT032","QUANT033","QUANT034","QUANT035","QUANT036","QUANT037","QUANT038","QUANT039","QUANT040","QUANT041","QUANT042","QUANT043","QUANT044","QUANT045","QUANT046","QUANT047","QUANT048","QUANT049","QUANT050","QUANT051"
"AML_007_post5",0,0,0,0,0,52.82731,45.00734,6.97911,837.29982,784.5146,0,0,369.70182,632.38317,0,0,0.02,NA,NA,NA,NA,NA,NA,13.37,0.31,0,2.56,1041.77,0.11,0.05,659.8,953.8,0,0,0,7530,1890,0,0,0
"AML_007_post11",0,54.45423,0,0,0,1361.51299,4711.52717,19.63831,0,0,0.02547,0,0,94.47353,44.98217,0.18,0.05,NA,NA,NA,NA,NA,NA,0.57,0.5,0,41.39,51.77,0.21,7.47,370.65,23.27,3220,60270,10930,0,7160,20780,29200,1230
"AML_007_post12",0,107.51346,0,0,0,2191.90015,8101.5908,210.7998,0,0,24.17219,27.37653,1.54092,35.69905,322.79674,0.42,0.1,NA,NA,NA,NA,NA,NA,0.96,0.73,0,158.84,63.47,0.39,6.34,96.36,34.61,1150,48090,11520,0,15590,27890,1090,780
"AML_007_post8",0,44.81155,0,0,0,1681.30413,5842.21733,46.02649,0.71174,1.00945,0.1783,0,154.85291,897.3822,71.44677,0.58,0.09,NA,NA,NA,NA,NA,NA,10.16,0.51,0,22.83,1200.97,0.68,15.19,844.05,14.38,1940,71390,5700,0,7870,23830,16670,1840
"AML_011_post125",48.8788,27.09251,0,1.22369,0.70974,3030.1749,4452.51264,5074.98726,1.44573,2.66323,193.53031,1562.16144,0,0,36847.89438,1.21,0.06,0,1.95,0,0.35,12.01,0,0.12,0.47,0,218.65,256.32,1.44,11.62,47.78,286,410,35160,8180,70,20,21400,40160,20
"AML_007_post26",0,3.20607,0,0,0,20.14773,922.68722,0,0,3.35052,0,0,8.22493,12.85631,0,0.4,0.03,NA,NA,NA,NA,NA,NA,39.13,1.18,0,6.33,1912.1,0.43,1.77,1237.7,19.62,0,4770,0,10940,2720,0,680,1410
"AML_008_post5",0,0,0,0,0,7.66684,67.86588,0,4250.66726,9333.71993,0,0,2309.24555,3210.39364,0,0.18,0.01,NA,NA,NA,NA,NA,NA,1.32,0.35,0,2.62,3057.23,0.46,0.01,1346.29,2834.98,0,1450,0,10490,4570,0,0,0
"AML_007_post21",0,0,0,0,0,9.37341,225.45277,0,0,3.60825,0,0,55.01301,78.53403,0.02547,0.29,0.04,NA,NA,NA,NA,NA,NA,15.46,0.41,0,1.43,1038.17,0.07,0.03,518.95,350.95,0,4400,0,5540,2520,0,550,660
"AML_002_post97",985.79818,0,84.86458,4.69897,0.70974,34.97198,11.64953,19861.79317,1.17883,1.11684,1626.61742,11500.07966,0,0,37.03515,0.1,0.21,NA,NA,NA,NA,NA,NA,0.27,0.24,0,76.91,1012.34,2.95,0.66,212.59,1059.17,180,29030,9870,2060,1180,5430,500,0
"AML_007_post22",0,0,0,0,0,5.37443,171.65932,0,0,1.52491,0,0,28.13688,41.32247,0,0.21,0.03,NA,NA,NA,NA,NA,NA,13.2,0.5,0,1.62,1019.79,0.09,0.02,561.87,427.57,0,3140,0,5320,1500,0,460,330
"AML_004_post96",0,2.93686,0,0,0,868.97606,1826.01566,0.22924,32.18416,617.89089,1.17168,0,121.25275,187.84177,4703.64238,0.62,0.08,NA,NA,NA,NA,NA,NA,2.36,0.24,0,38.34,1671.07,0.4,37.47,42.17,1146.51,1520,53130,11260,120,290,1970,710,590
"AML_008_post1",8.30219,24.15565,0,0.29369,1.41948,274.96179,3254.50318,2129.26643,0.02224,1.39605,170.65716,88.84758,0,0,542.10392,2.08,0.16,NA,NA,NA,NA,NA,NA,9.35,0.18,0,96.87,42.12,1.14,3.06,19.21,66.9,80,33560,5890,0,110,8710,0,10
"AML_007_post25",0,6.36319,0,0,0,32.34845,1927.36172,0,0,6.93729,0,0,21.57294,24.0256,0,0.4,0.03,NA,NA,NA,NA,NA,NA,36.38,1.29,0,4.35,1922.67,0.16,3.32,1348.62,12.57,0,6770,0,11260,2820,0,640,1550
"AML_007_post15",1.54832,0,0,0,0,4.15181,4.18502,197.9623,0,0,57.13194,29.66012,0,0,7.36118,0.53,0.31,NA,NA,NA,NA,NA,NA,20.89,0.55,0,83.09,123.6,0.62,10.8,19.75,39.28,3260,36260,5750,0,6970,14950,870,1260
"AML_007_post20",0,0,0,0,0,19.5619,187.29809,0,1.15658,1.97595,0,0,52.35141,79.96897,1.04432,0.34,0.03,NA,NA,NA,NA,NA,NA,13.16,0.28,0,0,936.47,0.11,0.01,489.75,707.14,0,7720,0,5060,2270,0,660,230
"AML_007_post28",0,2.6187,0,0,0,8.63474,570.36221,0,0,1.95447,0,0,7.78467,10.50999,0,0.47,0.02,NA,NA,NA,NA,NA,NA,31.91,1.02,0,2.25,1720.5,0.98,1.06,1009.22,11.64,0,5160,0,8900,2300,0,680,1230
"AML_007_post18",0,0,0,0,0,17.75344,150,2.06317,8.38523,14.54038,0,0,103.22193,97.09133,1.91034,0.21,0.01,NA,NA,NA,NA,NA,NA,11.2,0.28,0,2.27,1680.42,0.07,0.09,695.27,81.69,0,2680,0,7180,3440,0,500,730
"AML_013_post102",1.20128,66.4464,0,5.92266,7.7582,10403.07353,7524.97961,15.56291,230.53826,304.10223,7.66684,3.29262,116.95017,169.38142,29401.74053,3.59,0.74,0,12.81,0,0.64,1.95,0.29,9.89,0.88,0,133.09,78.36,1.32,9.91,15.83,45.46,470,46110,11610,380,0,3220,2730,1380
"AML_013_post109",0.34704,17.98825,0,0,0.34263,3618.35626,9635.50334,4.76312,85.83185,916.66667,0,0,255.85351,359.06535,10454.44048,0.48,0.05,0,9.38,0,1.38,1.43,0.28,3.38,0.65,0,45.46,3125.71,0.54,0.11,1065.64,2783.18,10,29190,2820,540,1320,470,2520,0
"AML_004_post265",0.82755,0,0,0,0,33.23145,52.63501,0,1304.89324,297.46564,0,0,467.1603,77.52569,143.28409,3.24,0.04,0,27.79,0,2.71,2.69,0,3.45,0.7,0.01,7.35,409.34,0.18,0.01,446.5,662.87,3250,4990,1010,90,0,200,200,0
"AML_013_post110",0.05339,11.3069,0,0,0,3109.8234,8096.78577,3.0056,273.22064,1104.10223,0,0,367.22033,327.3027,9922.98353,0.45,0.06,0,2.69,0,1.05,1.34,0,2.97,0.52,0,38.15,3511.36,0.3,0.05,412.2,3055.64,0,18420,1480,380,2480,280,3060,0
"AML_013_post104",2.69621,2.54528,0,0.24474,0.73421,839.44643,887.04519,1.17168,0.86744,9.96564,1.47733,0.15932,3.54213,21.03936,10963.25352,1.53,0.22,0,16.77,0,0.82,1.29,0,4.32,0.58,0,66.75,77.05,0.68,8.62,24.75,60.86,250,40670,6280,120,0,1710,700,990
"AML_010_post147",0.26695,0,0,0,0,0.62829,24.63697,0,998.30961,3749.93557,0,0,393.57615,952.08455,0,0.27,0.02,0,0.96,0,0.24,0,0,0.59,1.17,0,5.02,5694.23,0.14,0.01,2007.14,4580.59,0,6240,0,12000,3320,0,5530,0
"AML_013_post105",2.96316,1.76211,0,0,0,748.18305,451.3379,1.93581,0.71174,5.43385,0.78961,1.72597,1.661,5.04169,9602.35184,1.37,0.18,0,11.24,0,0.73,0.41,0,4.9,0.89,0,59.03,70.87,0.91,4.88,16.28,55.91,100,34050,2910,30,0,1430,2160,680
"AML_004_post49",0.18687,1.37053,1.27456,0.29369,0,346.00102,686.39256,1.63016,20.5516,9.62199,0,1.1418,11.94717,5.58464,56.82629,0.49,0.07,NA,NA,NA,NA,NA,NA,5.47,0.69,0,122.52,134.19,0.37,130.06,989.32,231.39,29940,41920,1640,2320,320,4090,1380,140
"AML_012_post14",5.97081,7.09741,2.23048,1.15027,0,148.87927,3517.18062,496.30667,0.24466,1.03093,39.2002,29.02284,0.38023,12.17762,6.67346,0,0.05,0,9.1,0,0.88,11.44,0,0.62,0.16,0,43.4,234.34,0.17,0.06,33.66,195.91,0,4760,0,6140,1420,170,2140,0
"AML_013_post19",0,2.66765,0,0,0,19.61284,1262.21243,15.3082,0,14.1323,0.73867,3.50505,0,1.90033,0,2.42,0.2,0,3.38,0,0.36,10.01,0,2.17,1.67,0,7.68,1417.61,0.09,0.01,19.32,1086.11,3440,7880,90,9600,2290,490,6430,100
"AML_012_post11",9.3166,23.32354,0,0,0,797.58023,5125.74645,704.43199,5.42705,2.49141,55.37443,32.60754,5.48329,15.33838,7.4376,0.38,0.1,0,90.26,0,3.27,2.41,0.14,1.88,0.29,0,101.86,337.6,0.36,0.24,57.19,293.35,2440,43960,8750,570,6140,23990,170,20
"AML_013_post27",0.05339,0,0,0,0,25.46273,144.75445,0,1715.59164,7690.20619,0,0,550.89053,1875.58658,0,0.58,0.04,0,2.04,0,0.15,1.72,0,5.23,0.78,0,4.63,2389.66,0.28,0,81.57,2414.97,0,6240,0,6090,2260,190,3920,0
"AML_012_post12",5.28564,59.54479,0,0,0,1238.76719,8029.442,955.29801,5.5605,5.0043,85.43046,12.87839,5.26316,25.36358,7.64137,0.47,0.07,0,178.61,0,3.75,3.65,0,1.39,0.14,0,48.83,337.39,0.32,0.1,57.88,286,3310,60640,16340,520,1840,36910,2680,0
"AML_012_post5",110.62467,18.91826,0,0.70974,0,11.48752,10.40137,10688.48701,0.17794,0,1024.73255,4438.39618,0,0,47.27458,1.33,0.21,0,11.77,0,0.3,0.18,1.03,0.41,0.32,0.03,169.3,285.6,0.61,8.85,54.76,261.59,240,31420,12470,440,280,18520,440,880
"AML_014_post12",0,0,0,0,0,7.64137,332.40333,0,6.38345,8.54811,0,0,3.22193,5.39073,0,0,0.04,0,0,0,0.41,12.96,0,1.79,0.79,0,2.94,1566.42,0.15,0,684.64,1605.47,0,0,0,5750,690,0,1160,0
"AML_012_post21",14.08614,7.07293,5.36378,0.68527,0,411.02904,4165.56535,2286.44931,0,0,225.49669,200.87626,2.58155,29.08668,35.32858,0,0.07,0,15.71,0,0.7,0.4,1.32,0.06,0.13,0,36.46,241.71,1.21,0.19,34.66,201.16,70,13630,3310,100,190,8970,570,0
"AML_009_post106",216.38192,3.1816,2.12427,2.5208,0.83211,2033.44371,174.54723,19874.4269,4.53737,4.48883,1817.14213,30142.35263,17.45047,27.80686,45228.40041,0.84,0.09,0,4.51,0,0.45,2.39,0.26,3.24,0.34,0.04,61.16,54.73,3.44,0.82,14.16,67.73,70,38630,4790,0,60,20050,770,0
"AML_014_post20",0.0178,0,0,0,0,1.96128,16.74009,0,963.01157,2454.14519,0,0,409.62578,908.37696,0,0.18,0.03,0,0,0,0.24,0.51,0,2.51,1.09,0,1.78,604.84,0.17,0.01,315.51,619.66,0,0,0,2010,270,0,0,0
"AML_013_post13",220.42178,0,0,0,0,8.43097,0.78316,148.70097,0,0,3.69333,328.30589,0,0,0,0.24,0.07,0,4.16,100,2.37,2.39,3.54,1.79,0.21,0,48.93,543.46,0.17,0.07,38.49,253.27,1150,28980,4440,460,190,25860,7350,120
"AML_009_post95",387.61345,2.00685,0.55762,2.74107,3.45081,2914.67142,235.11992,8413.67804,0,0,662.02241,11545.37971,0.86052,4.13031,29600.10188,0.44,0.08,0,0.71,0,2.11,0.49,0.81,0.45,0.42,0,77.72,243.46,2.18,2.06,56.99,224.34,600,77200,3760,1200,120,20440,0,0
"AML_010_post106",0,0,0,0,0,3.13296,27.09251,0,1628.84786,2513.29467,0,0,546.92816,548.18693,0,0.25,0.11,0.17,0.62,0,0.24,0.31,0,0.35,0.58,0,11.05,2479.64,0.04,0.01,1246.28,2364.05,0,40,0,9250,2780,0,0,0
"AML_009_post96",164.62894,41.80127,0.77005,1.71317,0.41605,1416.22517,4721.16985,6860.87621,0,5.90636,335.71065,10493.83962,3.26196,29.6878,7941.64544,4.53,0.62,0.04,5.66,90,1.54,1.98,1.36,6.76,9.71,0,132.48,580.03,1.9,2.03,218.15,518.78,620,77160,4570,2130,330,38150,2650,0
"AML_013_post26",0,0,0,0,0,10.84225,114.16218,0,1748.48754,7966.62371,0,0,532.23934,1783.24607,0,0.47,0.05,0,1.29,0,0.13,2.04,0,7.22,0.49,0,6.61,2642.54,0.97,0,45.85,2938.28,0,5100,0,8350,2680,260,3130,0
"AML_007_post148",25.67183,3.35291,3.05364,5.84924,0.41605,220.30056,27.80225,7718.36475,1.13434,0.45103,582.70504,6809.55921,0,0,543.81049,1.34,0.1,0,4.03,0,0.7,7.55,3.31,8.63,1.01,0,72.89,71.32,0.99,5.51,29.93,112.59,1360,45640,9020,220,150,20110,3080,210
"AML_013_post28",0,0,0,0,0,20.52131,289.29679,0,785.80961,4323.15292,0,0,260.9966,919.6432,0,2.59,0.06,0,3.07,0,0.22,2.75,0,3.8,1.48,0.01,5.68,1102.73,0.18,0,73.19,1221.08,0,3810,0,4190,1710,170,3710,0
"AML_013_post33",0,0,0,0,0,20.29207,194.16707,0,2569.57295,7285.13746,0,0,471.76306,1089.04402,82.68806,1.53,0.03,0,1.49,0,0.27,1.6,0,5.95,2.49,0,2.67,2716.65,0.26,0.01,97.89,2908.25,0,1900,0,6690,1860,160,2340,0
"AML_012_post6",79.6583,2.0558,0,0,0,0,0.14684,38.94549,0,0,4.02445,64.31227,0,0,0,0.19,0.02,0,6.39,0,0.52,0,0.15,0.2,0,0,31.24,149.84,0.06,0.3,30.5,142.13,150,13130,1600,300,120,4260,210,10
"AML_013_post21",0,4.30739,0,0,0,536.29648,1995.12971,68.56852,168.41637,185.88918,0,0,43.326,72.32887,0.28018,0.27,0.03,0,0,0,0.26,6.79,0,2.7,0.25,0,1.94,1926.48,0.05,0,618.22,1986.28,250,4990,0,9990,3810,0,4030,0
"AML_013_post32",0.26695,0,0,0,0,57.964,900.99527,0,1948.93238,8118.10567,0,0,487.97278,1499.3407,59.71302,0.27,0.03,0,0.72,0,0.12,0.75,0,5.3,0.57,0,5.07,3525.76,0.26,0.01,58.69,3717.86,0,1950,0,9140,1990,140,2510,0
"AML_013_post12",45.14148,1.19922,0,0,0,16.37799,17.1072,1151.37545,0,0,54.40652,683.0855,0,0,8.32909,0.73,0.13,0,3.84,90,0.62,0.33,0.73,2.19,0.68,0,71.8,183.56,0.34,0.12,32.51,179.1,210,17890,4070,400,130,10370,630,10
"AML_012_post25",10.51789,13.28928,6.98354,2.42291,0,492.68127,6156.91793,379.75038,1.51246,1.99742,50.94244,34.78492,6.30378,35.52453,43.74257,0,0.06,0,6.39,0,0.91,0.63,1.99,0.06,0.22,0,50.8,220.92,1.17,0.25,29.58,189.2,130,41030,6850,390,130,22510,2500,0
"AML_013_post20",0,10.67058,0,0,0,94.88029,3503.01028,41.64544,4.07028,13.87457,1.65563,4.75305,1.72103,6.14698,0,1.16,0.12,0,1.3,0,0.18,3.14,0,2.79,1.02,0,15.19,2661.52,0.1,0,26.76,2629.98,1320,5130,0,12900,4940,260,8300,10
"AML_007_post147",27.4693,11.13558,1.16835,10.03426,0.97895,605.55273,204.35634,22919.96943,23.42082,49.4201,2208.38003,13400.21243,4.30258,6.51542,2628.65512,1.14,0.16,0,3.49,120,0.68,4.43,3.81,11.55,0.83,0,50.22,484.95,1.13,11.35,30.9,693.98,2880,87600,22350,170,70,38630,540,60
"AML_012_post17",10.56238,0,7.24907,1.17474,0,23.94294,541.09153,3126.03158,0.04448,0.7732,336.0163,134.49283,0,4.67326,2.92919,0,0.05,0,4.98,0,0.97,11.33,0,0.29,0.1,0,29.85,286.84,0.31,0.03,46.08,240.9,90,19880,3120,170,210,11310,0,0
"AML_013_post14",17.77896,3.69555,0,0,0,175.3948,583.11307,517.95721,0,1.11684,10.16302,252.92087,0,0.2133,7.05553,10.97,0.28,0,4.38,100,2.91,8.55,0.51,4.1,1.55,0,23.21,352,0.23,0.09,96.02,282.32,660,26650,4910,2890,160,8450,7650,60
"AML_013_post11",5.36572,28.02252,0,0,0,2482.14468,2360.81743,2649.89812,34.80872,49.4201,114.87519,606.24004,6.5039,7.13593,119.12888,0.46,0.08,0,0.94,0,0.53,0.27,0.89,1.84,0.24,0,102.78,288.86,0.35,0.3,43.56,272.34,880,59490,10750,410,190,22820,590,0
"AML_011_post17",4.4225,9.61821,0.42485,0,0,1214.54407,2252.17817,114.54407,2.9137,0,4.45746,17.33935,4.46268,47.6052,31.94091,0.45,0.06,0,7.71,0,0.5,5.86,0.65,1.58,0.15,0,54.48,103.63,0.59,0.03,25.35,95.23,220,21930,2530,20,40,8320,12450,80
"AML_011_post42",0,6.36319,0,0,0,895.44065,1487.90994,2.16505,6.07206,0,3.74427,6.39936,0,0,31.55884,0,0.1,0,1.45,0,0.99,1.87,6.81,0.1,0.21,0,199.27,369.3,3.58,0.31,72.29,302.35,90,29750,8630,370,180,17010,420,100
"AML_013_post7",1.03221,3.62212,0,0,0,594.6001,815.78561,237.8757,1.26779,0.75172,7.53948,0,7.28437,4.82839,12.02241,4.45,0.56,0.03,14.2,1640,0.92,22.13,4.98,2.05,0.28,0,32.09,1756.59,0.39,1.08,465.54,1355.14,170,40830,6010,740,2740,7980,8650,0
"AML_011_post20",0,0,0,0,0,284.71727,506.11845,8.55833,326.35676,241.00086,0,0,1.20072,121.71805,1.17168,0.29,0.04,0,0.63,0,0.49,11.64,0,2.64,0.58,0,29.63,2451.69,0.23,0.01,1074.02,2112.75,250,11740,30,11910,5310,2860,13140,120
"AML_012_post24",8.48905,11.89427,1.5401,2.39843,0,561.30073,4883.08044,194.7784,3.22509,2.44845,23.02598,13.03771,6.90414,23.03665,30.03906,0,0.04,0,10.34,0,0.57,0.7,2.06,0.1,0.19,0,57.53,147.05,0.83,0.24,20.83,124.91,230,20020,2240,30,610,10030,1340,0
"AML_013_post18",8.86279,9.61821,0.90281,0.70974,0,368.26286,2373.61723,779.39379,4.69306,6.85137,39.93887,182.95273,0.12007,1.00834,11.79317,0.87,0.14,0,2.91,0,0.67,1.35,0.31,3.9,0.82,0,36.09,899.16,0.3,0.04,24.1,417.11,6900,22730,4090,4570,650,10020,1240,400
"AML_011_post3",224.39046,15.63877,7.62082,0.31816,0,2.98013,0,3061.43658,0,0,197.784,6229.68667,0,0,33.39277,1.14,0.13,0,7.62,0,0.78,2.51,1.03,2.04,1.08,0,91.67,300.67,2.54,0.2,48.35,311.65,50,18390,4140,290,120,10270,3480,0
"AML_013_post25",0,0,0,0,0,17.95721,182.45228,0,792.50445,4430.11168,0,0,315.80949,985.8057,0,0.83,0.03,0,2.51,0,0.12,1.93,0,5.12,0.65,0,5.61,2101.61,0.88,0.01,140.15,2259.59,0,5200,0,5920,1180,190,2050,0
"AML_011_post19",0.28475,0,0,0,0,313.55069,1346.69604,14.41671,4.62633,8.0756,0,0,0.74044,109.92825,2.0377,0.31,0.05,0,0.72,0,0.29,9.02,0,2.86,0.58,0,22.46,1935.14,0.25,0.01,1248.96,1492.84,930,9190,150,14760,5510,6100,10950,500
"AML_012_post3",317.40523,14.70876,3.29262,0.14684,0,17.88079,67.81694,8266.55629,0,0,398.6755,3511.07276,0,0,28.68059,0.86,0.1,0,10.75,0,0.63,0.33,1,1.7,0.46,0,69.07,210.44,1.48,1.5,36.44,209.31,50,18170,3450,250,320,10030,100,70
"AML_013_post6",4.76953,11.55164,0,0.12237,0,79.44473,990.77337,1187.21345,0,0,106.39328,75.80988,0,6.9808,64.84972,1.13,0.07,0,29.23,0,0.67,4.29,5.51,1.58,0.86,0,36.61,60.52,1.19,6.73,168.37,74.81,340,29910,3540,0,1520,9790,410,0
"AML_011_post18",2.10002,5.55556,0,0,0,893.35201,1621.48801,61.00357,1.69039,1.05241,0.15283,11.86936,0.86052,8.88113,15.46103,0.42,0.06,0.26,4.62,0,0.55,8.05,0,1.97,0.25,0,50.92,568.91,0.41,0.03,140.56,167.09,2460,23370,1550,3000,50,11090,23250,1100
"AML_012_post19",10.64246,7.70925,4.11577,1.66422,0,101.80846,2755.48213,1638.61437,0,0,182.2975,91.05151,0,13.69013,4.35558,0,0.06,0,12,0,0.55,1.03,1.23,0.11,0.13,0,51.67,185.71,1.11,0.46,26.82,170.69,10,17840,2550,0,120,12370,0,0
"AML_012_post10",17.69888,5.48213,1.51354,0.17132,0,65.18085,325.7954,1796.71421,10.18683,3.37199,202.54712,745.93733,6.1637,3.25771,5.96026,0.22,0.12,0,1.46,0,0.2,0.13,0.52,0.58,0.08,0,81.34,296.85,0.72,1.76,45.43,276.99,500,42760,7760,480,770,19460,400,170
"AML_011_post11",12.21748,25.6975,1.51354,0,0,205.37443,3211.79638,177.15232,4.27046,4.25258,21.57412,59.95751,0,17.06418,3.5405,0.9,0.08,0,50.2,0,0.67,21.62,0.34,2.17,0.18,0.01,117.49,191.42,0.9,0.03,38.27,176.57,7060,19820,2030,10,200,11490,1060,0
"AML_011_post10",7.19879,11.50269,0,0,0,343.68314,1179.61331,340.65206,0.40036,0,7.56495,84.65215,0,6.26333,8.73663,0.47,0.06,0.1,2.76,0,0.43,5.23,1.04,1.02,0.32,0,80.69,327.81,0.46,0.03,66.4,223.39,330,31870,2440,0,2230,17360,31620,0
"AML_011_post7",391.71561,4.5766,3.82369,0,0,9.93377,0.31816,414.28935,0,0,26.49007,801.9384,0,0,3.10749,0.68,0.07,0,10.9,0,1.29,0,3.39,1.84,0.19,0,138.04,369.15,0.74,0.28,49.9,339.45,170,38760,8830,190,290,17170,990,0
"AML_011_post14",16.22175,15.22271,13.14392,0.31816,0,702.57259,3021.53696,129.95415,62.5,45.42526,10.49414,126.31439,18.01081,36.20322,23.79012,0.55,0.09,0,6.93,0,0.44,2.35,2.1,1.8,0.14,0,72.12,135.68,0.95,0.02,21.49,81.56,120,38600,4750,0,90,14940,7370,240
"AML_013_post8",0.04449,14.4885,0,0,0,1464.59501,2350.26921,333.92766,7.02847,0.60137,2.49618,0,0,5.41012,29.8268,0.44,0.05,0,0.76,200,0.41,45.29,2.38,0.56,0.34,0,37.19,1213,0.88,1.99,399.56,902.13,50,68440,7190,350,4200,9260,26070,160
"AML_011_post13",42.24951,8.02741,5.31067,0,0,39.7351,1345.96182,24.63067,0,0,2.59806,56.90388,0,7.03898,0,0.45,0.06,0,8.91,0,1.32,7.37,1.55,2.28,0.09,0,83.53,315.69,0.65,0.01,64.15,188.1,130,30940,2100,370,260,9960,2730,60
"AML_005_post0",107.42125,0,91.84811,1.41948,0.17132,11.69129,2.66765,690.26999,0.51157,0.51546,111.86959,1044.15826,0,0,3.08202,0,0.22,NA,NA,NA,NA,NA,NA,0.48,0.22,0,51.04,257.05,6.13,0.21,62.08,310.97,120,11240,2560,660,270,3700,340,20
"AML_004_post3",0,2.34949,1.00903,0,0,22.46561,352.10475,2.47071,495.72954,1656.70103,0.07641,0.37175,163.47809,319.37173,11.69129,0.46,0.12,0,0,0,8.34,9.34,0,6.53,0.41,0,0,3228.39,0.1,0.04,1753.55,3307.56,0,2900,170,11450,4610,0,0,0
"AML_002_post7",17.96583,10.67058,1.06213,1.29711,0.0979,163.77993,22.05091,3427.0759,0.82295,0.36512,248.11513,788.39618,0.52031,1.59007,103.5405,0.87,0,0,0,0,0,0,4.8,1.66,0.76,0,62.77,3713.86,0.53,1.05,12.12,2538.51,1380,46470,16580,0,40,14830,41340,0
"AML_001_post13",1.17459,15.39403,0.23898,0.0979,0,1598.3189,1837.83651,159.44982,0.82295,0.81615,4.73765,14.84334,2.12127,4.63448,17.26949,0,0.13,0,0,70,0,0,9.33,0.26,0.92,0.03,146.36,1776.74,0.19,0.5,44.72,502.21,460,56510,11970,40,310,20310,42560,0
"AML_002_post12",282.16765,6.28977,7.0632,1.32159,0,6.21498,4.87029,1353.66786,0.88968,0.60137,113.21956,1244.23792,0.54032,0.98895,3.13296,0.95,0.35,0,0,0,0,0,0.43,0.8,0.77,0,263.4,587.61,0.91,1.49,90.34,561.93,260,29730,5990,520,310,13020,42670,10
"AML_002_post6",93.4063,2.25159,29.44769,5.18845,1.37053,21.39582,8.63926,19064.54407,0.64502,0.10739,1661.56393,4960.70101,0.3402,0.446,22.10902,1.81,0.33,0.18,4.3,60,1.9,0,6.46,0.49,0.58,0,101.94,179.03,2.48,0.57,33.66,215.1,80,30650,13700,60,130,17630,200,0
"AML_002_post11",77.97651,11.23348,0.77005,0.90553,0,14.84972,8.88399,1231.12583,0.80071,0.45103,103.15843,671.08338,1.62097,1.86155,21.14111,0.59,0,0,0,0,0,0,1.25,0.59,1.05,0,163.39,7291.79,0.57,1.32,34.94,304.15,1950,34760,11090,0,190,14110,53780,10
"AML_002_post13",39.66898,19.55458,1.64631,1.19922,0.14684,212.4809,182.30543,3630.4381,0.66726,0.30069,210.49414,1145.72491,1.76106,2.44328,209.39888,0.54,0,0,0,0,0,0,1.57,0.98,0.87,0,193.34,3005.4,0.56,0.49,27.56,852.11,1490,44620,12740,0,80,17670,56450,0
"AML_001_post20",3.15003,66.12824,1.08869,0.53842,0,3230.973,7648.36025,1076.84666,6.47242,3.28608,35.40499,185.47531,2.40144,6.12759,13.83087,0.36,0.15,0,2.22,0,0,2.26,11.77,0.84,0.8,0,77.17,92.22,0.39,6.1,17.08,70.97,810,72160,20480,840,60,25110,11260,660
"AML_004_post4",0,3.01028,0,0.0979,0,177.10138,796.62261,3.33673,230.73843,1386.51203,1.01885,0.34519,100.68041,231.18092,9.39888,0,0.11,0,0,0,7.46,18.02,0,3.88,0.6,0,7.15,2773.42,0.19,0.19,1645.75,3366.35,0,6790,2510,9910,2350,0,0,0
"AML_001_post12",0.32034,6.33872,0,0,0,153.46409,324.84092,62.88844,2.02402,0.83763,1.98675,1.00903,0.58035,1.12468,20.65716,0,0.14,0,0,160,0,1.67,20.13,0.23,0.72,0,97.44,143.49,0.14,0.24,10.41,91.29,340,101340,18320,0,80,18280,25560,0
"AML_002_post0",312.6535,2.22712,62.02868,7.36662,2.39843,34.05502,10.91532,33493.12277,3.53648,1.91151,2893.70861,11613.86086,0.80048,1.41555,42.71523,1.15,0.29,0,4.34,0,1.05,0,2.85,0.3,0.2,0,107.3,355.1,2.45,3.35,69.38,400.97,90,23500,8410,370,220,11300,0,0
"AML_005_post4",56.96743,0,102.735,1.88448,0.17132,12.71014,2.66765,789.45492,0.15569,0.32216,143.83597,1234.91768,0.02001,0,6.01121,0,0.21,NA,NA,NA,NA,NA,NA,0.22,0.24,0,22.7,149.85,5.99,0.14,26.88,192.47,50,13650,2400,240,110,3490,0,10
"AML_001_post18",0.50721,70.50906,0.53107,0.17132,0,3607.48854,6616.10377,311.92053,7.33986,4.08076,6.69893,36.00637,4.6628,8.5127,8.66021,0.3,0.11,0,2.25,150,0,10.37,18.42,1.01,0.67,0.02,130.87,2545.11,0.34,29.22,970.56,1390.7,1340,43740,12500,2560,2910,18510,34610,1160
"AML_003_post15",11.82595,0.39158,3.21296,0.26921,0,14.64595,12.01664,73.20428,4.62633,4.87543,15.43556,90.89219,1.72103,1.66764,1.83393,0.69,0.12,0,9.53,0,0,12.67,47.34,2.09,0.25,0,67.52,53.47,0.5,0.04,128.71,92.4,710,69340,16390,770,490,23690,0,0
"AML_005_post5",108.72931,0.19579,80.72225,2.49633,0.5629,15.07896,33.11307,792.66429,0.40036,0.40808,126.13347,1084.30696,0,0.01939,3.1839,0,0.24,NA,NA,NA,NA,NA,NA,1.12,0.27,0,39.49,162.37,3.1,0.14,34.23,196.49,60,11570,2980,230,150,3050,0,10
"AML_013_post117",0,0,0,0,0,2.26694,41.16495,0,3761.94395,11320.55412,0,0,390.13408,741.7103,328.19664,0.19,0,0,0,0,0.21,4.6,0,2.61,0.5,0.01,5.37,3607.57,0.22,0,550.84,3809.09,0,5900,0,13570,7230,0,9420,0
"AML_011_post139",77.4693,0,0,0,0,1.63016,4.52766,246.58686,0,0,14.74783,314.07329,0,2.75354,1440.95772,0.57,0.03,0,2.23,0,0.36,1.38,0.64,0.08,0.25,0,62.15,132.18,0.29,0.02,20.27,129.91,240,22100,2210,210,210,8810,6190,0
"AML_013_post112",0,0,0,0,0,164.13653,1314.97797,0,676.06762,522.87371,0,0,256.29378,131.80143,897.45288,6.56,0.06,0,1.38,0,0.76,5.11,0,5.27,54.06,0,4.52,1596.38,0.2,0.06,349.31,1479.21,0,140,0,3120,2030,0,970,0
"AML_012_post59",144.68767,0,13.19703,1.81106,0,10.71489,1.06869,692.25675,3.73665,0.23625,67.85532,1349.46893,0.70042,0,69.44303,0.17,0.09,0,1.61,0,0.91,0,0.75,0.04,0.08,0,70.31,211.17,1.46,0.38,22.02,182.61,140,30360,4520,50,80,10910,0,0
"AML_010_post134",0.08009,0,0,0,0,174.01087,358.94926,0,8523.44306,6609.42869,0,0,1373.88433,862.07097,0,0.15,0.05,0,1.47,0,0.32,0,0,0.29,0.72,0,2.85,3827.65,0.08,0.01,1839.55,3598.62,0,2580,0,9500,4520,230,1920,0
"AML_013_post36",1.44154,0,0,0,0,1.85091,25.1754,0,2181.89502,5062.84364,0,0,257.25435,558.15397,17.15062,1.27,0.03,0,1.27,0,0.24,1.89,0,3.12,3.14,0,4.91,2983.94,0.22,0.01,113.98,2887.61,0,1180,0,8470,2200,150,3010,0
"AML_007_post165",0,5.18845,0,0,0,110.9696,2331.66096,36.09272,6.80605,20.21048,0,0,444.46668,329.37755,0,0.17,0,0,0,0,0.17,0.35,0,3.11,0.34,0,0.33,2876.56,0.26,2.55,1142.14,8.73,0,2830,0,12130,3260,0,280,2500
"AML_014_post14",0,0,0,0,0,31.86449,314.65981,0,277.69128,628.09278,0,0,92.93576,281.32635,0,2.21,0.07,0,1.43,0,0.2,5.02,0,3.87,3.41,0,0.84,368.41,0.08,0.01,216.86,424.39,0,0,0,2490,430,0,220,0
"AML_013_post39",0,13.8277,0,0,0,874.92783,11127.30462,0.66225,401.35676,636.10395,0,0,454.4927,998.13845,313.8903,0.35,0.04,0,0.91,0,0.21,2.59,0,3.01,1.01,0,5.99,4647.02,0.47,0.03,208.28,2173.48,0,2500,0,16410,2710,120,3710,2160
"AML_014_post27",0.13348,0,0,0,0,45.53405,145.07261,0,32.33986,13.23024,0,0,61.3368,190.34322,4.84802,0.18,0.02,0,0,0,0.15,0,0,1.54,0.22,0,2.21,1233.53,0.22,0,453.97,1196.45,0,0,0,2110,230,0,0,0
"AML_013_post40",0,16.20166,0,0,0,93.31805,5512.7427,0,15.45819,47.35825,0,0,176.3258,287.64786,52.58108,0.91,0.06,0,1.26,0,0.16,2.08,0,2.74,1.81,0,6.26,3254.88,0.33,0.06,23.2,108.32,0,5060,0,11970,2070,460,3800,1010
"AML_014_post34",0.08009,9.93637,0,0,0,68.17796,3027.35357,0,1.57918,12.56443,0,0,0,5.37134,2.24996,0.77,0.13,0,1.59,0,0.41,24.87,0,2.09,0.52,0,76.71,1179.92,0.48,0.09,328.65,260.72,0,25300,450,6500,3960,5130,62730,760
"AML_013_post35",0,0,0,0,0,1.34148,13.37902,0,1934.47509,4795.85481,0,0,269.0014,562.65271,21.17507,0.14,0.08,0,1.1,0,0.32,1.05,0,3.61,0.57,0,4.02,4091.51,0.26,0.01,104.39,3823.87,0,2980,0,9930,1920,190,2150,0
"AML_010_post105",0,0,0,0,0,38.30871,82.32991,0,1449.46619,2111.7268,0,0,555.53332,518.53791,0,0.26,0.03,0,0,0,0.08,0,0,0.37,0.34,0,2.42,2200.31,0.03,0.01,1006.06,2050.8,0,0,0,6220,1550,0,0,0
"AML_012_post0",91.85798,22.29564,0,0.66079,0,49.15945,26.97014,11309.04228,4.55961,4.93986,650.07641,2726.65959,0.92055,0.73686,85.07387,0.64,0.1,0,5.51,0,0.68,0.42,2.1,3.82,0.55,0,182.39,451.07,1.3,4.59,75.89,448.22,140,43090,8360,440,420,22620,170,60
"AML_009_post102",0.47161,36.75967,0,0,0,5719.25624,16507.34214,248.57361,36.69929,459.27835,4.91594,27.03133,15.50931,481.07427,9588.66531,0.15,0.04,0,0,0,0.33,2.39,0,0.84,0.41,0.01,51.87,1322.28,0.27,0.53,119.32,1044.55,0,45750,2100,3880,5420,24910,23550,0
"AML_013_post42",0.10678,36.71072,0,0,0,143.03787,8545.34182,0,13.47865,31.14261,0,0,113.26796,87.43455,43.00391,0.47,0.02,0,26.19,0,0.28,1.69,0,2.5,0.63,0,7.73,2637.94,0.89,0.12,18.47,69.91,40,8190,220,6730,2150,430,6620,510
"AML_013_post41",0.0267,29.49094,0,0,0,136.49176,6513.18323,0,10.56495,33.97766,0,0,94.69682,82.87764,40.63508,0.28,0.02,0,2.82,0,0.13,1.42,0,2.39,0.42,0,6.19,2940.84,0.55,0.26,25.27,65.36,0,11620,130,10930,1620,340,5780,810
"AML_012_post61",96.36946,0,16.33032,2.47186,0,16.34403,2.80633,792.79165,3.55872,0.5799,78.29852,1445.6718,0.96058,0,57.19137,0,0.1,0,1.08,0,0.93,0.67,0.64,0.02,0.08,0,44.51,157.56,1.94,0.45,18.31,135.62,0,31480,4120,0,50,10030,10,20
"AML_014_post6",0,0,0,0,0,15.6648,68.35536,0.07641,0.91192,1.6323,0,0,1.60096,1.47373,0.12736,2.71,0,0,1.6,0,0.14,4.82,0,2.1,4.45,0,0.94,576.16,0.14,0.07,316.46,606.92,0,0,0,1820,260,0,1120,0
"AML_002_post180",248.3716,6.51003,0,1.41948,1.32159,808.96587,81.98727,637.85023,3.80338,0.36512,17.11666,4637.86511,14.6688,102.46267,15231.99185,0.4,0.02,0,1.21,0,0.34,0,0.28,1.05,0.21,0,66.16,998.85,0.2,5.33,96.8,768.92,1940,44560,4340,3550,270,5520,8790,10
"AML_009_post48",786.8126,0,22.33139,0.83211,0,3.94804,33.79834,4473.25522,0,0,312.81202,1461.94902,0,0,2.82731,1.04,0.05,0,4.41,0,0.72,0,2.04,0.53,0.12,0.05,67.87,77.61,4.56,0.15,17.33,87.74,100,33310,2400,0,100,14020,580,0
"AML_007_post97",99.09237,0,4.54063,4.42976,1.39501,2.95466,12.48164,8967.57514,0,0,909.14417,7546.62772,0,0,31.27866,0.88,0.11,0,2.48,0,0.56,0,1.66,7.44,0.48,0,40.24,99.8,3.5,6.53,18,122.77,820,33880,6430,0,110,17460,2480,90
"AML_010_post51",0.87204,3.1816,0,0,0,271.26847,746.69604,657.20835,2.04626,1.86856,17.75344,52.7881,0,0,24.0703,1.23,0.04,0,1.6,0,1.21,14.74,1.97,0.31,0.34,0,36.8,902.61,0.63,0.18,602.26,1046.51,0,19260,2920,3430,3180,9960,4440,0
"AML_005_post172",68.60651,0,24.7743,3.59765,0.73421,24.68161,3.05923,19714.54407,0,0,2680.74376,7881.30643,0,0.23269,17.21854,0.29,0.16,0,13.26,0,0.72,0.35,4.11,0.09,0.26,0.11,44.2,192.59,3.38,0.97,26.73,191.52,50,21250,10860,70,140,10770,40,0
"AML_002_post173",3105.55259,0.17132,3.39883,1.17474,0,13.21956,1.71317,423.33164,12.25534,9.83677,25.49669,10909.71853,3.08185,2.55963,146.35762,1.29,0.07,0,11.38,170,0.87,0,3.41,0.75,0.18,0,108.7,182.58,0.75,4.29,27.43,170.34,210,43670,4150,180,180,9910,2200,10
"AML_002_post171",889.96263,0.63632,8.04567,1.10132,0,13.9837,1.17474,484.58991,0.82295,0.55842,25.42028,14620.23367,0,0.81443,323.12787,1.42,0.08,0,7.17,80,0.36,0,2.8,0.44,0.3,0,227.31,275.12,1.45,7.97,41.96,266.27,450,72210,13750,220,350,16940,6350,20
"AML_007_post19",0,0,0,0,0,28.52776,339.86784,1.57922,2.35765,4.14519,0,0,101.98119,144.40566,4.73765,0.37,0.05,NA,NA,NA,NA,NA,NA,13.01,0.24,0,1.76,801.31,0.2,0.02,456.88,206.19,0,4240,0,5170,2430,0,580,340
"AML_004_post20",0.16017,0,0.47796,0,0,0.33113,13.19139,0,184.03025,619.30842,0,0.7966,126.43586,342.81559,0,0.32,0.02,NA,NA,NA,NA,NA,NA,4.15,0.16,0,1.22,745.46,0.03,0.01,390.91,835.95,0,820,0,3640,960,0,270,0
"AML_004_post60",0.13348,4.6745,0.50451,0,0,248.6755,530.81253,1.29903,76.97954,46.84278,0,0.82315,80.40824,57.2038,128.29852,0.36,0.05,NA,NA,NA,NA,NA,NA,1.75,0.34,0,12.74,893.32,0.21,1.82,542.37,345.97,2040,31490,6580,2400,2080,190,1710,620
"AML_004_post21",0,0,0.47796,0,0,0,6.6324,0.84055,83.49644,244.02921,0,1.56665,36.80208,132.69343,0,0.22,0.02,NA,NA,NA,NA,NA,NA,8.9,1,0,1.84,1572.71,0.09,0,789.54,1709.65,0,610,20,7570,2130,0,130,0
"AML_007_post7",0,1.19922,0,0,0,69.61284,400.31816,3.5405,591.30338,1263.65979,0,0,400.48029,929.31937,0,0,0.01,NA,NA,NA,NA,NA,NA,8.58,0.27,0,4.94,2600.37,0.09,0.44,962.83,2129.15,120,5800,460,8520,3280,1100,1700,0
"AML_007_post27",0,2.93686,0,0,0,39.5568,795.61919,0,0,1.80412,0,0,21.673,16.69575,0,0.56,0.03,NA,NA,NA,NA,NA,NA,34.56,1.05,0,5.34,1725.16,0.87,1.38,1094.7,16.4,0,4960,0,10120,3090,0,710,1020
"AML_004_post13",0,0.12237,0.7966,0,0,19.68925,108.7861,0.07641,473.53203,1912.67182,0,0.58417,138.68321,409.79252,0.07641,4.54,0,0,0,0,0,44.9,0,4.69,1.41,0,0,2404.66,0.12,0,730,1917.11,0,1840,0,6230,2000,280,0,20
"AML_007_post1",1.92205,47.89525,0,0,0,1889.40397,4665.93245,1526.87213,23.17616,32.43127,25.42028,290.99841,8.76526,18.32461,22.00713,0.56,0.06,NA,NA,NA,NA,NA,NA,26.08,0.27,0,44.13,1116.06,0.31,0.03,421.06,1317.57,260,34300,3180,6520,5650,31110,2270,0
"AML_004_post12",0,0.04895,0.92937,0,0,0.76414,19.01615,0.15283,932.91815,3591.64519,0,0.34519,259.4957,658.25092,0.10188,0,0,0,0,0,0,6.66,0,4.15,0.12,0,0,2846.75,0.1,0,952.88,2515.74,0,1490,0,7340,2500,160,0,0
"AML_004_post17",0,0,0.42485,0,0,12.99032,111.99217,0,198.06495,659.08505,0,0.63728,79.04743,266.43397,0,0.1,0.04,NA,NA,NA,NA,NA,NA,2.53,0.7,0,1.98,2765.25,0.09,0.01,1121.8,2548.2,0,4900,0,10780,3580,1130,490,100
"AML_004_post5",0.26695,1.63975,0.26553,0,0,32.37392,487.61625,0.99338,78.6032,658.41924,0.3566,0,29.45767,72.0574,4.17728,0,0,0,0,0,9.92,48.33,0,2.9,0.39,0.01,6.75,1854.43,0.37,0.13,1415.1,2338.15,0,3210,460,7860,1750,0,0,0
"AML_004_post26",0.0267,0,0.42485,0,0,7.05553,24.2046,0,428.20285,924.87113,0,0.66383,285.49129,490.26566,0,0.4,0.03,NA,NA,NA,NA,NA,NA,2.69,0.4,0,3.93,1568.5,0.05,0,1020.07,1877.1,0,1890,0,7810,3040,0,970,10
"AML_005_post19",331.47357,0,13.43601,0.53842,0,1.06979,0.51395,40.16811,0,0,5.2216,272.01275,0.20012,0.2133,0.68772,0,0.1,NA,NA,NA,NA,NA,NA,0.18,0.13,0,37.66,249.1,0.78,0.02,60.49,288.45,50,15940,1370,610,180,3750,1650,0
"AML_003_post48",131.26001,1.90896,2.3898,1.63975,0,4.33011,5.31082,499.08304,6.40569,11.76976,64.00917,626.60648,1.44086,2.22998,2.16505,1.04,0.17,0,1.66,0,0.61,0.37,3.12,6.87,0.25,0,164.42,409.04,1.81,0.11,71.39,391.33,70,28750,11900,620,320,13730,0,0
"AML_003_post28",21.27603,19.67695,18.64047,2.22712,0.19579,1570.58074,1767.62115,2081.02394,9.65302,9.72938,108.96587,978.01381,6.38383,24.62672,14.82425,0.95,0,0,7.67,0,5.18,13.72,5.38,5.32,0.28,0,46.78,889.9,3.7,0.02,552.95,1006.17,1780,23180,9260,7380,590,9020,1540,0
"AML_003_post33",32.9418,3.98923,0.95592,1.24816,0,569.53642,159.07978,1614.06011,10.2758,5.4768,56.16403,1185.15666,3.70222,79.83324,22.36373,0.44,0.1,0,0,0,2.97,0.97,1.77,5.54,0.1,0,54.36,259.96,0.7,0,86.85,268.81,1280,52620,9420,320,220,18300,0,0
"AML_004_post18",0,0,0.50451,0,0,24.57972,208.19873,0,982.89591,2699.09794,0,0.7966,382.78967,1008.55148,0,0.81,0.02,NA,NA,NA,NA,NA,NA,4.86,0.41,0,1.85,2114.06,0.61,0.01,1131.19,2233.67,0,2260,0,9470,4040,220,940,80
"AML_005_post18",730.51255,0,29.58046,0.0979,0,2.87825,1.10132,95.92461,0,0,16.45441,579.31492,0,0.05817,2.11411,0.29,0.17,NA,NA,NA,NA,NA,NA,0.41,0.46,0,44.68,1014.55,0.68,0.03,242.19,1044.77,160,20800,1120,3380,1490,3640,3350,10
"AML_003_post42",151.81527,1.0279,12.29421,0.36711,0,2.95466,0.61185,54.99236,0.44484,0,7.87061,218.82634,0.12007,0.32965,0.12736,0.88,0.46,0,0,60,0.8,0,1.57,11.48,0,0,75.92,165.65,11.72,0,26.69,162.01,80,22910,2160,70,210,6660,0,0
"AML_005_post25",149.19915,0,19.43707,0.41605,0,4.78859,0.68527,104.04992,3.04715,0.47251,16.40346,334.38662,0.98059,0.03878,1.93581,0.23,0.15,NA,NA,NA,NA,NA,NA,0.4,0.25,0,28.62,229.2,1.09,0.03,55.68,239.79,50,12860,1810,380,160,2740,2910,20
"AML_005_post28",350.08009,0,28.30589,1.27264,0,5.60367,1.34606,225.16556,2.06851,0.60137,37.90117,573.84493,0.82049,0.40721,4.02445,0,0.12,NA,NA,NA,NA,NA,NA,0.2,0.28,0,39.09,299.78,1.85,0.03,71.96,325.99,80,18840,1590,560,250,3580,4080,20
"AML_004_post24",0.0267,0,0.45141,0,0,0.02547,18.1351,0,353.42527,1081.03522,0,0.7966,231.4989,669.45899,0,0.28,0,NA,NA,NA,NA,NA,NA,5.58,0.5,0,4.02,2015.29,0.05,0.01,1110.65,2395.97,0,1280,0,8570,3400,0,490,10
"AML_005_post20",385.1842,0,15.18853,0.53842,0,1.63016,0.80764,28.17117,0,0,4.6867,259.10781,0.08005,0.11635,0.71319,0.12,0.13,NA,NA,NA,NA,NA,NA,0.2,0.26,0,41.06,255.88,0.86,0.02,68.08,287.73,50,15280,1180,730,220,3510,2210,10
"AML_005_post12",35.93166,1.00343,6.42592,1.1258,0,17.54967,34.09202,783.67295,0.48932,0.42955,112.96485,453.00053,0.28017,8.68722,11.05451,1.01,0.15,NA,NA,NA,NA,NA,NA,1.72,0.55,0,178.01,539.97,0.97,0.08,103.77,378.58,340,60730,12920,660,510,23800,3260,10
"AML_003_post41",139.21516,0.88106,11.28518,0.44053,0,1.22262,0.5629,75.54763,0.28915,0.06443,18.77229,258.55019,0.20012,0.32965,0.22924,0.65,0,0,1.32,30,0.66,0,1.3,10.2,0,0,99.7,125.51,15,0,21.14,114.35,80,25280,1650,0,160,8730,0,0
"AML_005_post27",113.02723,0,25.73022,1.24816,0,6.24045,1.0279,408.63474,2.55783,0.49399,64.67142,545.72491,0.96058,0.07756,4.50841,0,0.11,NA,NA,NA,NA,NA,NA,0.23,0.19,0,30.86,212.07,1.3,0.03,45.39,235.83,80,19070,2260,370,150,4370,2410,10
"AML_003_post19",13.69461,5.82477,2.25704,1.51738,0,825.3948,188.76652,1330.23434,7.71797,6.0567,115.43556,541.7419,7.86472,4.47935,15.23179,1.54,0,0,0,0,0,0,5.55,4.43,0.62,0,105.6,91.41,2.1,0.08,14.01,139.73,5390,56780,24020,0,60,10320,35790,0
"AML_001_post6",52.16231,15.9814,1.16835,0.93,0,34.71727,66.4464,6628.757,0.75623,0.23625,367.62608,2705.17791,0.42025,0.40721,194.49822,0.84,0,0,1.14,0,0,0,2,0.36,0.6,0,211.3,102.12,0.73,0.82,15.62,135.62,370,37820,11850,0,60,17250,47870,0
"AML_002_post20",193.05926,1.46843,17.28625,1.46843,0,4.35558,2.54528,556.5461,0.2669,0.12887,61.79317,1333.19172,0.18011,0.17452,1.47733,1.02,0.13,0,3.88,0,0,1.01,0,2.14,0.24,0,138.52,363.01,0.72,0.43,72.85,380.56,80,33400,4620,460,370,5530,16470,0
"AML_001_post10",0,6.6324,1.1418,0,0,124.57972,204.13607,83.23994,0.20018,0.17182,11.51299,1.83218,0.48029,1.45433,48.34437,0.2,0,0,0,0,0,3.96,59.19,0.12,0.83,0,38.12,3770.57,0.14,6.23,111.98,473.84,990,45830,12100,180,4900,26490,9070,70
"AML_001_post4",79.73839,9.64268,2.70844,1.78659,0.02447,13.52522,8.83505,2762.88844,0.44484,0.40808,254.78859,2426.42061,0.22013,0.34904,36.7295,1.56,0,0,2.48,0,0,0,2.27,0.17,0.28,0.04,149.22,71.59,2.89,1.18,17.89,115.26,160,59760,17120,0,100,24470,220,0
"AML_001_post5",16.01708,16.32403,2.12427,1.22369,0,138.10494,91.72785,4896.96893,0.28915,0.04296,313.75446,1914.65746,0.56034,0.75625,228.98625,1.24,0,0,1.91,0,0,0,4.74,0.42,0.52,0.04,134.43,335.41,2,0.87,9.39,347.4,2950,59140,31000,0,80,18490,34590,0
"AML_002_post14",12.19968,11.4048,1.00903,1.24816,0,51.96128,34.77729,1237.3408,0.24466,0.06443,74.70708,668.26872,0.22013,0.446,91.92562,0.57,0,0,0,0,0,0,3.24,1.07,0.77,0,166.36,1040.27,0.44,0.24,15.49,393.45,3110,46980,17090,0,90,19560,49580,0
"AML_001_post14",0,4.30739,1.1418,0,0,307.97249,535.43808,15.91951,0.55605,0.36512,1.5028,2.94742,0.68041,11.47954,5.06877,0.19,0.11,0,0,210,0,1.99,35.45,0.33,0.43,0.02,57.04,674.08,0.23,0.28,18.07,387.9,500,41610,7720,0,90,7930,27230,0
"AML_001_post0",5.71276,10.54821,1.69942,0.465,0,70.22415,177.2883,1945.16047,0.57829,0.5799,171.34488,529.8991,0.88053,4.92534,100.84055,0.69,0,0,4.37,0,0,0,4.17,0.27,0.15,0.02,80.6,111.21,0.59,1.75,11.76,141.42,280,38910,11470,0,60,8280,4050,0
"AML_001_post3",69.46076,13.14244,2.28359,2.10475,0.0979,54.10087,65.83456,6608.20173,41.85943,84.25687,526.20988,1936.69676,12.26736,20.61276,233.49465,1.55,0,0,2.67,0,0,0,5.45,0.54,0.4,0.06,159.07,83.49,2.31,3.28,17.29,115.71,460,69050,17090,0,50,27040,12390,0
"AML_002_post3",390.49653,1.34606,74.21668,5.38424,2.17817,18.26286,6.11845,8574.83444,1.33452,0.81615,688.81814,5276.79235,0.58035,0.75625,10.16302,0.85,0.4,0,17.4,190,7.29,0,12.19,0.61,0.36,0,61.31,190.15,1.75,0.39,34.12,200.38,70,24690,6430,50,140,8640,0,0
"AML_003_post9",44.04698,0.61185,10.22305,0.68527,0,55.7565,20.38669,791.69638,5.53826,4.31701,102.36882,633.53691,3.24195,2.05546,10.21396,0.99,0.12,0,5.41,0,2.76,0.86,24.75,5.52,0.33,0,189.72,102.89,0.94,0.19,40.76,123.06,320,79790,31710,0,1220,47690,0,0
"AML_002_post5",155.39242,1.07685,19.62294,2.59422,0.17132,11.25828,4.35634,3994.65104,0.48932,0.02148,390.52471,1653.29262,0.22013,0.52356,7.87061,3.63,0.94,0,30.42,520,10.12,3.03,35.73,3.16,0.95,0,53.65,429.58,1.16,0.22,94.74,433.18,90,20340,10060,880,300,11370,0,0
"AML_002_post4",263.32088,1.46843,57.27562,4.94371,1.63975,17.72797,14.78218,8012.83749,0.66726,0.34364,664.59501,4616.80828,0.22013,0.31026,15.8431,1.76,0.28,0,15.85,190,2.85,0,13.53,0.5,0.39,0,62.34,226.62,2.67,0.65,39.93,234.24,60,34070,13880,200,190,15230,0,0
"AML_008_post8",0,0,0,0,0,39.76057,39.42731,0,1364.47954,1554.91838,0,0,635.06104,633.8375,0,0.3,0.02,NA,NA,NA,NA,NA,NA,1.37,2.15,0,9.54,5500.41,0.07,0.01,1111.72,4150.79,0,2870,0,9650,6230,0,250,0
"AML_008_post18",0,0,0,0,0,0.30565,15.27166,0,207.71797,1712.34966,0,0,109.86592,787.31821,0,0.18,0.02,NA,NA,NA,NA,NA,NA,2.05,0.3,0,0.27,1451.38,0.04,0,904.89,1741.77,0,3750,0,9560,5080,0,830,0
"AML_008_post21",0,0,0,0,0,15.20632,120.21537,0,680.11566,3512.71478,0,0,179.18751,1097.53733,0,0.22,0.02,NA,NA,NA,NA,NA,NA,5.68,0.33,0,3.14,1796.23,0.05,0,1110.72,2091.96,0,1350,0,10220,3250,0,280,0
"AML_008_post12",0,0,0,0,0,241.74733,38.98678,0,230.24911,1386.10395,0,0,442.74565,743.57184,0,0.1,0.11,NA,NA,NA,NA,NA,NA,0.44,0.36,0,3.2,4467.99,0.02,0.49,1040.36,3221.54,0,6980,0,8060,5870,0,1340,0
"AML_008_post48",0,242.7068,0,0.85658,0,12508.99134,40848.31131,24.88538,0,0,25.42028,4.24854,12.64759,86.71708,34.53897,1.27,0.11,0,7.09,0,1.11,9.8,0,5.38,0.71,0,88.55,408.46,2.05,50.95,358,308.6,1260,42740,8970,270,60,13230,350,1380
"AML_010_post15",160.06407,2.54528,0,0,0,0.43301,0,210.03566,0,0,13.72899,893.04302,0,0,0,3.72,0.49,0,1.87,0,1.04,0.58,0.41,1.65,0.3,0,184.82,207.56,1.76,0.21,34.11,202.89,750,41180,4810,330,200,15150,220,0
"AML_003_post140",139.64229,1.07685,3.47849,0.73421,0,22.2109,11.01322,2794.06521,9.25267,1.50344,291.0596,1519.91503,3.14189,54.3727,15.43556,1.35,0.14,0,4.7,0,0.3,0,0.9,4.27,0,0,91.67,64.6,2.81,0.05,19.4,79.52,180,25480,3630,190,140,12620,920,0
"AML_010_post14",15.18954,3.1816,0,0,0,0.91696,0,401.45186,1.00089,0,36.70402,1054.19543,0,0,0.45848,4.52,0.14,0,3.24,0,0.69,0.64,2.55,0.87,0.4,0,187.35,279.36,12.16,0.23,44.51,268.49,1140,75740,23410,390,170,38570,800,0
"AML_010_post9",0,25.99119,0,0,0,3978.85889,2971.14537,265.43556,136.32117,71.86426,2.75089,12.93149,20.73244,29.55207,98.87927,0.21,0.02,0,1.18,0,0.35,1.26,2.06,0.15,0.34,0,38.96,837.22,0.07,1.74,558.79,288.43,60,32880,4130,860,2420,7210,24010,0
"AML_008_post7",0,31.05727,0,0,0,1591.54356,9191.97259,31.94091,198.93238,2591.83849,0,0,1330.25815,1816.11402,10.0866,0.39,0,0,0,0,1.47,27.76,0,1.75,0.94,0,12.35,4674.7,0.25,0.04,2014.24,3997.05,0,10950,0,17750,6460,4110,20,90
"AML_008_post22",0,0,0,0,0,14.79878,158.93294,0,859.63078,3179.93986,0,0,164.95898,788.30716,0,0,0,0,0,0,0.3,0.47,0,6.17,0.26,0,4.6,1450.63,0.06,0.01,990.44,1610.6,0,0,0,7560,2030,0,0,0
"AML_003_post132",501.94875,0,4.16888,1.51738,0,29.16454,19.57905,5160.72338,26.40125,19.48024,390.19358,4597.84918,7.96478,4.71204,32.57769,0.47,0.14,NA,NA,NA,NA,NA,NA,6.12,0.25,0,69.29,185.94,2.72,0.58,34.16,176.14,90,44390,12790,40,100,23180,1310,10
"AML_008_post11",0,0,0,0,0,21.11564,8.54136,0,1375.88968,2612.1134,0,0,858.45507,1220.28311,0,0,0.06,NA,NA,NA,NA,NA,NA,0.44,0.42,0,2.81,2803.42,0.06,0.16,785.11,2382.39,0,5010,0,6970,4150,0,650,0
"AML_010_post20",8.32888,1.5908,0,0,0,2.67448,0,2640.65206,0,0,109.19511,372.41105,0,0,1.45186,4.97,0.31,0,3,0,1.21,0.23,0.46,0.9,0.32,0,125.06,108.45,1.89,3.48,18.97,126.18,70,47700,14170,110,90,24560,20,0
"AML_008_post19",0,0,0,0,0,1.60469,53.13265,0,922.41993,6892.78351,0,0,380.94857,2338.31685,0,0.24,0.03,NA,NA,NA,NA,NA,NA,2.95,0.37,0,1.31,1665.96,0.1,0,1171.41,2155.45,0,4690,0,12620,3440,0,570,0
"AML_009_post12",0,28.58541,0,0,0,3038.00306,9141.28732,41.4162,67.371,391.3445,0,0,54.15249,300.4266,1.80846,0.95,0.04,NA,NA,NA,NA,NA,NA,2.43,2.61,0,36.3,562.8,0.83,0.07,321.78,213.2,0,19760,2500,4630,2320,17960,15100,480
"AML_009_post11",0,4.74792,0,0,0,1108.30362,1666.61772,78.50229,36.6548,329.12371,0,0,3.46208,140.06205,3.94804,0.47,0.03,NA,NA,NA,NA,NA,NA,1.81,1.8,0,16.09,631.95,1.23,0.06,255.94,217.11,0,11370,510,4060,1760,550,71870,490
"AML_010_post5",0,53.27949,0,0,0,4786.22007,10296.3534,1290.75395,50.08897,48.60395,10.11207,39.85661,8.8253,60.46151,208.9404,0.19,0.02,NA,NA,NA,NA,NA,NA,0.58,0.21,0,21.13,1370.58,0.12,0.5,547.29,1321.36,100,27100,530,13060,2110,3810,24090,0
"AML_007_post61",25.01335,4.50318,0.26553,1.66422,0.29369,144.85481,146.27998,2133.67295,0,0,195.87366,575.94264,0.46028,0,553.46409,0.3,0.21,NA,NA,NA,NA,NA,NA,14.02,0.39,0,92.86,172.86,0.88,15.19,34.46,152.41,3860,37610,5990,0,80,14460,1600,190
"AML_008_post15",0,0,0,0,0,5.5782,24.42487,0,85.12011,306.03522,0,0,65.05904,226.58522,0,0.09,0.01,NA,NA,NA,NA,NA,NA,0.66,0.36,0,1.23,1518.6,0.04,0,723.09,1902.83,0,2100,0,6120,3090,0,730,0
"AML_008_post20",0,0,0,0,0,2.52165,94.68918,0,1027.15747,6853.13574,0,0,345.30718,2226.46888,0,0.22,0.02,NA,NA,NA,NA,NA,NA,3.52,0.34,0,2.27,2024.32,0.08,0,1348.85,2456.38,0,2230,0,11410,3740,0,610,0
"AML_010_post0",11.18526,50.61185,0,0,0,1294.21803,3624.05776,6806.11309,0,0,231.5079,1204.35475,0,1.62885,179.36831,0.5,0.08,NA,NA,NA,NA,NA,NA,0.2,0.51,0,87.5,2884.33,1.28,5.58,798.19,1014.12,950,86140,18430,410,3840,29670,24120,10
"AML_002_post131",262.0929,23.00538,0,0.75869,0,135.02292,37.42046,10465.97045,3.71441,0.64433,791.28884,3655.09825,1.02061,0,1708.02343,6.57,0.84,0,12.37,740,1.1,1.45,5.33,2.22,1.09,0,195.23,1297.75,3.02,37.05,618.07,1188.08,290,48970,4920,3080,1070,12930,38690,30
"AML_010_post23",5.41911,0.34263,0,0,0,2.49618,1.22369,1062.42995,0,0,120.3515,268.72013,0,0,7.92155,1.7,0.15,0,1.54,0,1.61,0.35,0.35,1.61,0.11,0,78.98,51.88,0.36,2.29,18.68,71.45,0,15740,3250,120,110,7480,0,0
"AML_003_post128",168.36626,0,4.75305,2.59422,0,55.19613,16.4464,5605.78197,11.43238,6.78694,866.50535,4492.5385,1.64098,0,88.66531,0.92,0.34,NA,NA,NA,NA,NA,NA,4.86,0.53,0,131.93,71.74,1.97,0.68,15.55,75.95,160,46230,21910,0,20,23620,300,0
"AML_002_post166",17.96583,48.23789,0,1.17474,0,4814.3403,1569.01615,12579.39379,7.07295,2.25515,868.61946,4037.70579,19.25155,27.90382,39908.7621,0.39,0.09,0,0.44,0,0.4,0,1.49,0.6,0.77,0,221.97,1319.1,0.77,46.11,50.69,1440.48,1450,74350,9810,510,260,25420,28730,100
"AML_008_post35",0,0,0,0,0,134.5135,179.05042,0,1144.15036,2830.82045,0,0,409.70582,1218.78999,0,0.36,0,0.11,1.19,0,0.44,0.93,0,2.15,0.66,0.02,9.7,2998.65,0.54,0.03,1875.64,3225.46,0,7780,0,5530,890,1860,6410,0
"AML_002_post168",435.87827,2.64317,24.85396,0.61185,0,75.9297,1.46843,5368.77229,0,0,348.16607,30704.75305,0,0,12696.35762,1.55,0.27,0,1.37,70,0.56,0,0.94,0.72,0.74,0,351.95,279.14,1.09,11.05,37.39,302.89,470,49720,10500,510,170,17060,11170,40
"AML_009_post0",141.11052,0,28.51832,0.24474,0,4.22822,0.51395,1108.09985,0,0,134.3352,1644.53001,0,0,3.08202,0,0.07,0.05,3.26,0,0.93,0,3.13,0.27,0,0,72.66,325.93,3.26,0.12,81.08,307.48,120,19100,4830,790,310,9530,470,20
"AML_009_post14",0,65.56535,0,0,0,6867.72797,8281.22859,24.55425,4.4484,4.4244,0,0,1.14068,32.63525,6.11309,0.22,0.14,NA,NA,NA,NA,NA,NA,0.56,0.35,0.03,79.4,657.64,0.89,0.02,52.31,568.44,0,64390,3960,1420,6940,61760,11880,130
"AML_002_post167",476.32141,5.40871,0.74349,0,0,228.73153,39.50073,2780.31075,0,0,171.70148,8882.02337,4.58275,15.39655,11910.2649,3.7,0.81,0,6.38,290,0.73,0.53,2,2.7,0.51,0,140.76,702.49,0.34,23.9,120.53,679.44,620,62600,8350,1440,260,10840,19760,30
"AML_008_post6",0,20.28879,0,0,0,2074.68161,10108.46794,63.04126,108.31851,1279.05928,0,0,1030.4983,1577.54508,21.95619,0.27,0,0,0,0,1.18,40.23,0,1.79,0.58,0,7.33,3447.52,0.21,0.02,1596.17,3114.58,0,7130,60,16450,5290,3180,510,0
"AML_002_post132",1970.10144,17.69457,6.00106,4.30739,1.46843,133.64748,25.18355,16760.51961,2.80249,0.7732,1952.26694,11965.34785,0.74044,1.04712,900.43301,3.19,1.13,NA,NA,NA,NA,NA,NA,1.79,1.07,0,201.93,825.95,6.36,9.49,169.38,899.78,210,46670,6430,1770,720,14010,4160,20
"AML_002_post165",64.09503,65.54087,0,1.88448,0.39158,7139.17473,1622.88302,18994.80387,0.04448,0,1446.02649,8914.47159,10.58635,31.16153,48853.10749,0.63,0.17,0,0.89,0,0.44,0,1.1,0.61,0.95,0,199.36,629.32,1.02,26.38,31.94,619.36,1340,58580,7480,720,210,14680,30730,40
"AML_007_post75",14.46877,7.07293,0.71694,6.38767,0.61185,102.92919,63.60744,9055.19613,5.04893,0.08591,177.91645,3123.10143,6.56394,33.68237,389.70963,0.79,0.08,0,9.15,0,0.96,10.16,0.19,11.85,0.31,0,163.99,205.22,0.46,0.34,43.74,94.59,1100,61370,6090,350,120,28310,2000,600
"AML_010_post6",0,54.5766,0,0,0,2703.0056,6266.10377,1240.62659,0.82295,2.42698,61.81864,102.76155,0,1.43494,384.23332,0.28,0.02,NA,NA,NA,NA,NA,NA,0.18,0.53,0,62.17,1079.22,0.1,7.18,507.91,316.13,320,53610,8260,10,9500,21030,23120,10
"AML_002_post160",542.36519,0,150.47796,4.38081,0.48948,18.18645,12.13901,25418.41569,0,0,2954.48293,16008.57674,0,0,66.27611,0,0.15,0,3.3,0,0.82,0,1.97,0.12,0.12,0,56.37,209.89,2.68,1.12,29.75,225.16,120,27140,8000,440,350,8920,690,0
"AML_003_post135",102.37587,0,2.89432,0.14684,0,4.71218,0,859.73001,0,0,109.22058,1355.60276,0,0,5.27254,1.25,0.1,0,1.73,0,0.52,0,0.45,3.11,0,0,103.53,34.33,1.17,0.02,10.48,45.82,0,16100,5370,150,90,8010,870,0
