"","QUANT003","QUANT005","QUANT006","QUANT007","QUANT008","QUANT009","QUANT010","QUANT011","QUANT012","QUANT013","QUANT018","QUANT020","QUANT021","QUANT022","QUANT026","QUANT027","QUANT028","QUANT035","QUANT036","QUANT037","QUANT038","QUANT039","QUANT040","QUANT041","QUANT042","QUANT043","QUANT029","QUANT030","QUANT031","QUANT032","QUANT033","QUANT034","QUANT001","QUANT002","QUANT004","QUANT014","QUANT015","QUANT016","QUANT017","QUANT019","QUANT023","QUANT024","QUANT025"
"AML_007_post5",0,0,0,0,0,0,0,0,0,0.30069,0,0,0,0.15513,0,0.05,0,0.15,2.21,0,0,79.01,0,0,53.51,76.46,NA,NA,NA,NA,NA,NA,NA,NA,NA,NA,NA,NA,NA,NA,NA,NA,NA
"AML_007_post11",0,0,0,0,0,0.15283,0.07342,0,0.08897,0,0,0,0.02001,0.01939,0,0.04,0.01,0.11,1.92,0,0,87.6,0,0,50.33,101.27,NA,NA,NA,NA,NA,NA,NA,NA,NA,NA,NA,NA,NA,NA,NA,NA,NA
"AML_007_post12",0,0,0,0,0.02447,0.10188,0,0,0.71174,0,0.02547,0,0.20012,0,0.05094,0.04,0.01,0.13,2.59,0,0,79.4,0,0,45.53,79.86,NA,NA,NA,NA,NA,NA,NA,NA,NA,NA,NA,NA,NA,NA,NA,NA,NA
"AML_007_post8",0,0,0,0,0,0.05094,0.07342,0,0,0,0,0,0,0,0,0.05,0.01,0.12,2.14,0,0,84.15,0,0,48.7,84.28,NA,NA,NA,NA,NA,NA,NA,NA,NA,NA,NA,NA,NA,NA,NA,NA,NA
"AML_011_post125",0,0,0,0.00816,0,0.07641,0.04895,0.15283,0.31139,0.06443,0,0.00885,0,0,0.76414,0.03,0.01,0.03,1.21,0,0,64.26,0.01,0,45.52,60.52,0,0.94,0,0.05,0.56,0,NA,NA,NA,NA,NA,NA,NA,NA,NA,NA,NA
"AML_007_post26",3.01655,2.66765,2.735,2.88791,2.76554,3.56597,3.23054,2.52165,2.86922,3.17869,2.31788,3.10674,1.20072,1.66764,2.92919,0.09,0.01,0.32,4.15,0,0,76.26,0,0,39.08,80.35,0,4.36,0,0.52,7.73,0,NA,NA,NA,NA,NA,NA,NA,NA,NA,NA,NA
"AML_008_post5",2.98986,2.66765,2.735,2.88791,2.76554,3.51503,3.10817,2.52165,1.62367,2.08333,2.31788,3.10674,0,0,2.92919,0.03,0.01,0.04,1.04,0,0,49.5,0,0,49.48,81.7,0,4.52,0,0.4,4.17,0,NA,NA,NA,NA,NA,NA,NA,NA,NA,NA,NA
"AML_007_post21",0,0,0,0,0,0,0,0,0.13345,0,0,0,0,0,0,0.08,0.01,0.25,3.15,0,0,96.32,0,0,34.47,98.02,NA,NA,NA,NA,NA,NA,NA,NA,NA,NA,NA,NA,NA,NA,NA,NA,NA
"AML_002_post97",0.61399,0.97895,0.87626,1.07685,0.95448,1.24809,1.0279,1.12073,0.53381,0.53694,0.84055,0.95592,0.1601,0.09696,0.96791,0.04,0.01,0.07,1.67,0.01,0.01,73.88,0.03,0.01,50.38,84.75,NA,NA,NA,NA,NA,NA,NA,NA,NA,NA,NA,NA,NA,NA,NA,NA,NA
"AML_007_post22",0,0,0,0,0,0,0.31816,0,0.66726,0.75172,0,0,0.78047,1.02773,0,0.1,0.01,0.23,3.2,0,0,91.57,0,0,33.71,98.9,NA,NA,NA,NA,NA,NA,NA,NA,NA,NA,NA,NA,NA,NA,NA,NA,NA
"AML_004_post96",0.0267,0,0,0,0,0,0,0,0,0,0,0,0,0,0,0.03,0,0.04,1.25,0,0,58.69,0,0,38.27,63.04,NA,NA,NA,NA,NA,NA,NA,NA,NA,NA,NA,NA,NA,NA,NA,NA,NA
"AML_008_post1",2.98986,2.66765,2.735,2.88791,2.79001,3.5405,3.13265,2.57259,2.2242,2.36254,2.31788,3.10674,0,0,2.98013,0.04,0.09,0.09,1.26,0,0,71.63,0,0,40.88,57.09,0,9.89,0,0.5,6.27,0,NA,NA,NA,NA,NA,NA,NA,NA,NA,NA,NA
"AML_007_post25",3.01655,2.66765,2.735,2.88791,2.79001,3.51503,3.15712,2.52165,2.20196,2.57732,2.31788,3.10674,0.32019,0.52356,2.92919,0.08,0.01,0.33,3.68,0,0,79.54,0,0,37.62,84.61,0,3.23,0,0.41,7.23,0,NA,NA,NA,NA,NA,NA,NA,NA,NA,NA,NA
"AML_007_post15",0.0267,0,0,0,0,0.86602,0.48948,0.33113,0.86744,0.64433,0,0,1.8411,0.6593,0.10188,0.03,0.01,0.12,2.08,0,0,81.61,0,0,32.03,80.94,NA,NA,NA,NA,NA,NA,NA,NA,NA,NA,NA,NA,NA,NA,NA,NA,NA
"AML_007_post20",0,0,0,0,0,0,0,0,0,0,0,0,0,0.05817,0,0.08,0.01,0.26,2.94,0,0,100.48,0,0,32.22,93.12,NA,NA,NA,NA,NA,NA,NA,NA,NA,NA,NA,NA,NA,NA,NA,NA,NA
"AML_007_post28",3.01655,2.66765,2.735,2.88791,2.79001,3.56597,3.1816,2.52165,2.89146,3.20017,2.31788,3.10674,1.24074,1.64825,2.92919,0.09,0.01,0.32,4.86,0,0,68.35,0,0,39.39,86.1,0,3.88,0,0.41,8.58,0,NA,NA,NA,NA,NA,NA,NA,NA,NA,NA,NA
"AML_007_post18",0,0,0,0,0,0,0.12237,0,0,0.83763,0,0,0.32019,0.63991,0,0.06,0.01,0.25,2.77,0,0,105.82,0,0,31.84,86.05,NA,NA,NA,NA,NA,NA,NA,NA,NA,NA,NA,NA,NA,NA,NA,NA,NA
"AML_013_post102",0,0,0,0.00816,0,0.28018,0.07342,0,1.42349,0.45103,0,0.00885,0,0,5.27254,0.07,0.01,0.05,1.51,0,0,53.72,0,0,34.78,46.97,0,0.84,0,0.05,0.58,0,NA,NA,NA,NA,NA,NA,NA,NA,NA,NA,NA
"AML_013_post109",0,0,0,0.00816,0,0.84055,0.17132,0,1.93505,0.62285,0,0,0.18011,0,4.07539,0.05,0.02,0.04,1.6,0,0,67.86,0,0,28.05,69.41,0,0.37,0,0.04,0.35,0,NA,NA,NA,NA,NA,NA,NA,NA,NA,NA,NA
"AML_004_post265",0,0,0,0.00816,0,0.12736,0.02447,0,0.75623,0.04296,0,0,0,0,1.40092,0.04,0.03,0.08,1.33,0.01,0,91.46,0,0,20.59,62.51,0,1.87,0,0.04,0.36,0,NA,NA,NA,NA,NA,NA,NA,NA,NA,NA,NA
"AML_013_post110",0,0,0,0.00816,0,0.89149,0.14684,0,1.64591,0.73024,0,0,0.06004,0,3.1839,0.03,0.01,0.03,1.37,0,0,64.07,0,0,26.12,54.79,0,0.17,0,0.04,0.33,0,NA,NA,NA,NA,NA,NA,NA,NA,NA,NA,NA
"AML_013_post104",0,0,0,0.00816,0,0.07641,0.07342,0,0.8452,0.32216,0,0,0,0,1.09526,0.07,0.04,0.04,1.38,0,0,48.99,0,0,33.37,47.05,0,0.72,0,0.05,0.53,0,NA,NA,NA,NA,NA,NA,NA,NA,NA,NA,NA
"AML_010_post147",0,0,0,0.00816,0,0,0.02447,0,0.37811,0.3866,0,0.00885,0,0,0,0,0,0.03,1.13,0,0,53.07,0,0,28.81,51.7,0,0.73,0,0.04,0.25,0,NA,NA,NA,NA,NA,NA,NA,NA,NA,NA,NA
"AML_013_post105",0,0,0,0.00816,0,0.12736,0.0979,0,2.13523,1.03093,0,0,0.10006,0.01939,1.91034,0.07,0.01,0.05,1.85,0,0,55.5,0,0,32.94,44.91,0,0.9,0,0.06,0.58,0,NA,NA,NA,NA,NA,NA,NA,NA,NA,NA,NA
"AML_004_post49",0,0,0,0,0,0,0,0,0.75623,0.08591,0,0,0.14008,0.01939,0,0.03,0.01,0.04,1.41,0,0,76.56,0.01,0,42.63,67.63,NA,NA,NA,NA,NA,NA,NA,NA,NA,NA,NA,NA,NA,NA,NA,NA,NA
"AML_012_post14",0,0,0,0,0,0.05943,0,0.02547,0.64502,0.30069,0,0,0,0,0,0.02,0,0.02,1.1,0,0,54.5,0,0,46.89,84.89,0,0.77,0,0.04,0.35,0,NA,NA,NA,NA,NA,NA,NA,NA,NA,NA,NA
"AML_013_post19",0,0,0,0,0,0.0849,0,0.05094,2.55783,1.439,0,0.0177,0.38023,0.17452,0,0.03,0,0.01,0.93,0,0,58.83,0,0,22.04,35.23,0,0.41,0,0.03,0.33,0,NA,NA,NA,NA,NA,NA,NA,NA,NA,NA,NA
"AML_012_post11",0,0,0,0,0,0.2632,0,0.15283,0.08897,0.04296,0,0,0,0,0,0.03,0,0.02,0.98,0,0,64.88,0,0,47.83,96.52,0,1.63,0,0.05,0.37,0,NA,NA,NA,NA,NA,NA,NA,NA,NA,NA,NA
"AML_013_post27",0,0,0,0,0,0,0.07342,0,1.08986,2.72766,0,0.00885,0.18011,0.67223,0,0.06,0.01,0.08,2.59,0,0,51.98,0,0,31.8,33.02,0,0.4,0,0.04,0.59,0,NA,NA,NA,NA,NA,NA,NA,NA,NA,NA,NA
"AML_012_post12",0,0,0,0,0,0.05943,0,0.02547,0.46708,0.30069,0,0,0,0,0,0.02,0,0.02,1.04,0,0,64.81,0,0,51.92,89.39,0,1.68,0,0.05,0.35,0,NA,NA,NA,NA,NA,NA,NA,NA,NA,NA,NA
"AML_012_post5",0,0,0,0,0.02447,0,0,0.43301,0.40036,0.17182,0.07641,0.02655,0,0,0,0.03,0,0.03,1.12,0,0,64.3,0,0,56.81,72.65,0,0.85,0,0.06,0.7,0.19,NA,NA,NA,NA,NA,NA,NA,NA,NA,NA,NA
"AML_014_post12",0,0,0,0,0,0,0.02447,0,0.13345,0.10739,0,0.02655,0,0,0,0.04,0,0.09,2.27,0,0,74.26,0,0,47.77,79.5,0,0.46,0,0.04,1.32,0,NA,NA,NA,NA,NA,NA,NA,NA,NA,NA,NA
"AML_012_post21",0,0,0,0,0.02447,0.69621,0,0.12736,2.66904,0.34364,0.02547,0,0.48029,0,0.02547,0.03,0,0.03,1.67,0,0,56.29,0,0,44.95,72.79,0,0.93,0,0.03,0.55,0.1,NA,NA,NA,NA,NA,NA,NA,NA,NA,NA,NA
"AML_009_post106",0,0,0,0,0,0.33113,0.02447,0.95942,0.62278,0.10739,0.12736,0.0354,0,0,2.59806,0.03,0.01,0.02,1.57,0.01,0,42.35,0,0,24.64,40.67,0,0.29,0,0.03,0.21,0,NA,NA,NA,NA,NA,NA,NA,NA,NA,NA,NA
"AML_014_post20",0,0,0,0,0,0.00849,0,0,0.55605,0.17182,0,0,0,0,0,0.04,0,0.05,1.64,0,0.01,61.14,0.01,0,34.6,52.88,0,0.56,0,0.07,0.55,0,NA,NA,NA,NA,NA,NA,NA,NA,NA,NA,NA
"AML_013_post13",0,0,0,0,0.02447,0.00849,0,0.38207,6.5169,3.95189,0,0.04426,0.86052,0.67869,0,0.03,0,0.01,0.61,0,0,51.05,0,0,24.94,47.44,0,0.5,0,0.02,0.23,0.07,NA,NA,NA,NA,NA,NA,NA,NA,NA,NA,NA
"AML_009_post95",0,0,0,0.29369,0.07342,0.72168,0,2.29241,0.82295,0.21478,0.3566,0.15047,0,0,3.74427,0.05,0.02,0.06,3.98,0,0,64.63,0,0,23.8,46.16,0,0.38,0,0.03,0.55,0.07,NA,NA,NA,NA,NA,NA,NA,NA,NA,NA,NA
"AML_010_post106",0,0,0,0,0,0,0.02447,0,0.95641,0.17182,0,0,0,0,0,0.03,0.01,0.02,1.98,0,0,55.57,0,0,28.76,56.57,0,0.33,0,0.03,0.12,0,NA,NA,NA,NA,NA,NA,NA,NA,NA,NA,NA
"AML_009_post96",0,0,0,0.04895,0.02447,0.16132,0,0.3566,0.2669,0.40808,0.02547,0,0,0,0.91696,0.04,0.01,0.06,3.74,0,0,75.74,0,0,26.21,51.78,0,0.34,0,0.04,0.4,0.03,NA,NA,NA,NA,NA,NA,NA,NA,NA,NA,NA
"AML_013_post26",0,0,0,0,0,0,0.04895,0,0.4226,0.55842,0,0.00885,0,0.0711,0,0.06,0.02,0.07,2.36,0,0,50.04,0,0,31.17,32.07,0,0.48,0,0.04,0.65,0,NA,NA,NA,NA,NA,NA,NA,NA,NA,NA,NA
"AML_007_post148",0,0,0,0,0,0.61131,0.68527,0.80659,0.40036,0.06443,0.02547,0.00885,0,0,0.05094,0.06,0.01,0.13,1.59,0,0,83.18,0,0,56.28,92.64,0,1.91,0,0.06,0.9,0.38,NA,NA,NA,NA,NA,NA,NA,NA,NA,NA,NA
"AML_013_post28",0,0,0,0,0,0,0.04895,0,2.6468,4.4244,0,0.00885,0.62037,1.04066,0,0.07,0.01,0.09,2.99,0,0,52.64,0,0,36.86,38.34,0,0.59,0,0.06,0.62,0,NA,NA,NA,NA,NA,NA,NA,NA,NA,NA,NA
"AML_013_post33",0,0,0,0,0,0,0.02447,0,1.51246,1.80412,0,0,0.18011,0.34258,3.99898,0.08,0.01,0.13,4.17,0,0,67.73,0,0,50.55,58.45,0,0.56,0,0.06,1.02,0,NA,NA,NA,NA,NA,NA,NA,NA,NA,NA,NA
"AML_012_post6",0,0,0,0,0,0,0,0.28018,0.20018,0.12887,0.02547,0.02655,0,0,0,0.04,0,0.03,0.96,0,0,61.9,0,0,54.38,77.27,0,0.99,0,0.04,0.62,0.08,NA,NA,NA,NA,NA,NA,NA,NA,NA,NA,NA
"AML_013_post21",0,0,0,0,0,0.49244,0,0.07641,1.35676,0.66581,0,0,0.06004,0,0,0.07,0,0.05,1.84,0,0,59.51,0,0,22.31,44.99,0,0.52,0,0.03,0.74,0,NA,NA,NA,NA,NA,NA,NA,NA,NA,NA,NA
"AML_013_post32",0,0,0,0,0,0,0.07342,0,0.66726,1.35309,0,0.00885,0,0.18745,0.91696,0.07,0.01,0.1,3.57,0,0,58.22,0,0,38.49,39.93,0,0.41,0,0.06,0.88,0,NA,NA,NA,NA,NA,NA,NA,NA,NA,NA,NA
"AML_013_post12",0,0,0,0,0,0.02547,0.02447,0.12736,6.36121,3.99485,0,0.02655,0.94056,0.67869,0,0.03,0,0.02,0.68,0,0,53.83,0,0,26.96,39.25,0,0.4,0,0.02,0.34,0.07,NA,NA,NA,NA,NA,NA,NA,NA,NA,NA,NA
"AML_012_post25",0,0,0,0,0.02447,0.23773,0,0.02547,1.26779,0.30069,0,0,0.24014,0,0.02547,0.03,0,0.03,1.67,0,0,59.7,0,0,47.19,95.45,0,1.13,0,0.02,0.54,0.06,NA,NA,NA,NA,NA,NA,NA,NA,NA,NA,NA
"AML_013_post20",0,0,0,0,0.02447,0.16132,0,0.05094,3.66993,1.86856,0,0,0.58035,0.27148,0,0.06,0,0.04,1.71,0,0,60.47,0,0,23.5,33.08,0,0.54,0,0.02,0.59,0,NA,NA,NA,NA,NA,NA,NA,NA,NA,NA,NA
"AML_007_post147",0,0,0,0,0,0.40754,0.0979,0.47546,0.46708,0.02148,0.05094,0.00885,0,0,0,0.05,0.01,0.11,1.77,0,0,75,0,0,47.18,77.17,0,1.69,0,0.08,1.02,0.27,NA,NA,NA,NA,NA,NA,NA,NA,NA,NA,NA
"AML_012_post17",0,0,0,0,0,0.11038,0,0.07641,1.29004,0.3866,0,0,0.12007,0,0,0.02,0,0.03,1.58,0,0,66.59,0,0,53.56,84.46,0,1.18,0,0.06,0.41,0,NA,NA,NA,NA,NA,NA,NA,NA,NA,NA,NA
"AML_013_post14",0,0,0,0,0,0.00849,0,0.12736,1.22331,0.92354,0,0.04426,0,0,0,0.03,0,0.02,0.77,0,0,56.16,0,0,24.11,43.19,0,0.56,0,0.04,0.27,0.17,NA,NA,NA,NA,NA,NA,NA,NA,NA,NA,NA
"AML_013_post11",0,0,0,0,0,0.12736,0.02447,0.30565,5.53826,3.82302,0,0.02655,0.92055,0.60112,0,0.04,0,0.01,0.71,0,0,50.25,0,0,28.02,34.01,0,0.4,0,0.03,0.37,0.07,NA,NA,NA,NA,NA,NA,NA,NA,NA,NA,NA
"AML_011_post17",0,0,0,0,0.02447,0.7981,0,0.05094,7.629,1.52491,0,0,2.30138,0.34904,0.05094,0.03,0.01,0.04,1.55,0,0,97.95,0,0,17.77,33.11,0,0.57,0,0.02,0.37,0.07,NA,NA,NA,NA,NA,NA,NA,NA,NA,NA,NA
"AML_011_post42",0,0,0,0,0.02447,0.39056,0,0,1.42349,0.02148,0,0,0,0,0.02547,0.03,0.01,0.05,1.75,0,0,91.36,0.01,0,49.08,89.95,0.01,0.75,0,0.05,0.56,0.2,NA,NA,NA,NA,NA,NA,NA,NA,NA,NA,NA
"AML_013_post7",0,0,0,0,0,0.12736,0.02447,0.10188,1.31228,0.64433,0,0,0,0,0,0.05,0,0.03,0.59,0,0,77.7,0,0,44.13,86.37,0,0.86,0,0.03,0.7,0.17,NA,NA,NA,NA,NA,NA,NA,NA,NA,NA,NA
"AML_011_post20",0,0,0,0,0,0.28867,0,0,3.26957,0.70876,0,0,0.5003,0,0,0.04,0.01,0.03,1.88,0,0,66.04,0,0,15.88,50.37,0,0,0,0.02,0.25,0,NA,NA,NA,NA,NA,NA,NA,NA,NA,NA,NA
"AML_012_post24",0,0,0,0,0.02447,0.11038,0,0.02547,2.37989,0.55842,0,0,0.60036,0,0.02547,0.02,0,0.02,1.4,0,0,59.59,0,0,35.23,68.68,0,1.28,0,0.03,0.37,0.12,NA,NA,NA,NA,NA,NA,NA,NA,NA,NA,NA
"AML_013_post18",0,0,0,0,0.02447,0.03396,0,0.12736,1.93505,1.35309,0.02547,0.0177,0.10006,0.13574,0,0.06,0.01,0.02,0.79,0,0,50.52,0,0,22.43,34.15,0,0.44,0,0.02,0.25,0.04,NA,NA,NA,NA,NA,NA,NA,NA,NA,NA,NA
"AML_011_post3",0,0,0,0,0,0,0,0.07641,1.26779,0.15034,0,0,0.06004,0,0,0.03,0.01,0.04,1.08,0,0,85.94,0.01,0,49.13,81.32,0,0.65,0,0.05,0.62,0.15,NA,NA,NA,NA,NA,NA,NA,NA,NA,NA,NA
"AML_013_post25",0,0,0,0,0,0,0.07342,0,1.1121,2.55584,0,0.00885,0.18011,0.76918,0,0.06,0.01,0.06,2.39,0,0,50.65,0,0,32.86,34.38,0,0.64,0,0.05,0.67,0,NA,NA,NA,NA,NA,NA,NA,NA,NA,NA,NA
"AML_011_post19",0,0,0,0,0.02447,0.87451,0,0.02547,8.18505,1.56787,0,0,2.18131,0.13574,0.02547,0.03,0.01,0.04,1.69,0,0,72.46,0,0,14.36,53.07,0,0.13,0,0.03,0.23,0,NA,NA,NA,NA,NA,NA,NA,NA,NA,NA,NA
"AML_012_post3",0,0,0,0,0.02447,0.02547,0.02447,0.40754,0.51157,0.17182,0.02547,0.02655,0,0,0,0.04,0,0.02,0.95,0,0,67.31,0,0,57.93,84.39,0,0.78,0,0.05,0.74,0.26,NA,NA,NA,NA,NA,NA,NA,NA,NA,NA,NA
"AML_013_post6",0,0,0,0,0.02447,0.12736,0.07342,0.15283,1.17883,0.34364,0,0,0,0,0,0.04,0,0.04,0.57,0,0,80.97,0,0,43.14,76.53,0,0.62,0,0.04,0.71,0.31,NA,NA,NA,NA,NA,NA,NA,NA,NA,NA,NA
"AML_011_post18",0,0,0,0,0.02447,0.95093,0,0.07641,9.40836,2.36254,0,0,2.36142,0.54295,0.07641,0.02,0.01,0.04,1.59,0,0,72.36,0,0,15.97,45.61,0,0.39,0,0.02,0.32,0,NA,NA,NA,NA,NA,NA,NA,NA,NA,NA,NA
"AML_012_post19",0,0,0,0,0.02447,0.4415,0,0.1783,1.13434,0.25773,0.02547,0,0.10006,0,0.02547,0.03,0,0.04,1.73,0,0,78.78,0,0,61.98,108.74,0,0.98,0,0.04,0.53,0.22,NA,NA,NA,NA,NA,NA,NA,NA,NA,NA,NA
"AML_012_post10",0,0,0,0,0,0.05943,0,0.10188,0.35587,0.1933,0,0,0,0,0,0.02,0,0.04,0.97,0,0,71.06,0,0,47.27,96.37,0,0.96,0,0.05,0.39,0.04,NA,NA,NA,NA,NA,NA,NA,NA,NA,NA,NA
"AML_011_post11",0,0,0,0,0,0.02547,0.02447,0.02547,1.46797,0.30069,0,0.02655,0,0,0,0.02,0.01,0.03,0.88,0,0,63.45,0,0,29.77,56.45,0,0.51,0,0.03,0.5,0.03,NA,NA,NA,NA,NA,NA,NA,NA,NA,NA,NA
"AML_011_post10",0,0,0,0,0,0.07641,0.02447,0.05094,0.60053,0.17182,0,0.02655,0,0,0,0.03,0,0.02,0.92,0,0,65.94,0,0,33.61,65.65,0,0.23,0,0.02,0.47,0,NA,NA,NA,NA,NA,NA,NA,NA,NA,NA,NA
"AML_011_post7",0,0,0,0,0,0.02547,0.02447,0.02547,0.35587,0.12887,0,0.02655,0,0,0,0.02,0,0.03,0.9,0,0,69.65,0,0,47.76,78.29,0,0.46,0,0.03,0.66,0.16,NA,NA,NA,NA,NA,NA,NA,NA,NA,NA,NA
"AML_011_post14",0,0,0,0,0.02447,0.10188,0.04895,0.02547,1.20107,0.32216,0,0.02655,0,0,0,0.02,0,0.02,0.88,0,0,56.74,0,0,28.69,51.82,0,0.18,0,0.02,0.4,0.1,NA,NA,NA,NA,NA,NA,NA,NA,NA,NA,NA
"AML_013_post8",0,0,0,0,0,0.07641,0.04895,0.05094,1.40125,1.2457,0,0,0,0.01939,0,0.06,0,0.03,0.69,0,0,66.03,0,0,56.33,83.91,0,0.97,0,0.04,0.7,0.11,NA,NA,NA,NA,NA,NA,NA,NA,NA,NA,NA
"AML_011_post13",0,0,0,0,0.02447,0.10188,0.04895,0.02547,1.55694,0.36512,0,0.02655,0.02001,0,0,0.02,0,0.03,0.98,0,0,67.59,0.01,0,30.28,62.28,0,0.28,0,0.02,0.48,0.04,NA,NA,NA,NA,NA,NA,NA,NA,NA,NA,NA
"AML_005_post0",0,0,0,0.02447,0,0.38207,0,0,0.77847,0,0,0.07966,0,0,0,0.04,0,0.04,1.86,0,0,61.74,0,0,43.4,59.87,NA,NA,NA,NA,NA,NA,NA,NA,NA,NA,NA,NA,NA,NA,NA,NA,NA
"AML_004_post3",0,0,0,0.02447,0,0.40754,0,0,0.11121,0,0,0.05311,0,0,0,0.03,0,0.06,0.66,0,0,119.63,0,0,49.74,98.05,NA,NA,NA,NA,NA,NA,NA,NA,NA,NA,NA,NA,NA,NA,NA,NA,NA
"AML_002_post7",0,0,0,0,0,0,0,0,0,0,0,0,0,0,0,0.05,0.06,0.05,1.8,0,0,76.98,0,0.01,64.2,95.35,NA,NA,NA,NA,NA,NA,NA,NA,NA,NA,NA,NA,NA,NA,NA,NA,NA
"AML_001_post13",0,0,0,0,0,0,0,0,0,0,0,0,0,0,0,0,0,0.02,0.92,0,0,69.87,0,0,29.97,78.75,NA,NA,NA,NA,NA,NA,NA,NA,NA,NA,NA,NA,NA,NA,NA,NA,NA
"AML_002_post12",0,0,0,0,0,0,0,0,0,0,0,0,0,0,0,0.05,0.02,0.05,1.63,0,0,62.37,0,0.01,58.45,95.28,NA,NA,NA,NA,NA,NA,NA,NA,NA,NA,NA,NA,NA,NA,NA,NA,NA
"AML_002_post6",0,0,0,0,0,0,0,0,0,0,0,0,0,0,0,0.06,0.05,0.05,1.6,0,0,75.4,0,0,63.93,89.07,NA,NA,NA,NA,NA,NA,NA,NA,NA,NA,NA,NA,NA,NA,NA,NA,NA
"AML_002_post11",0,0,0,0,0,0,0,0,0,0,0,0,0,0,0,0,0.06,0.05,1.62,0,0,70.84,0,0.01,64.45,115.15,NA,NA,NA,NA,NA,NA,NA,NA,NA,NA,NA,NA,NA,NA,NA,NA,NA
"AML_002_post13",0,0,0,0,0,0,0,0,0,0,0,0,0,0,0,0,0.02,0.04,1.52,0,0,59.47,0,0.01,53.2,86.09,NA,NA,NA,NA,NA,NA,NA,NA,NA,NA,NA,NA,NA,NA,NA,NA,NA
"AML_001_post20",0,0,0,0,0,0,0,0,0,0,0,0,0,0,0,0,0,0.03,0.9,0,0,44.68,0,0,27.14,62.36,NA,NA,NA,NA,NA,NA,NA,NA,NA,NA,NA,NA,NA,NA,NA,NA,NA
"AML_004_post4",0,0,0,0.02447,0,0.38207,0,0,0,0,0,0.07966,0,0,0,0.04,0,0.03,0.56,0,0,96.25,0.02,0,49.1,95.22,NA,NA,NA,NA,NA,NA,NA,NA,NA,NA,NA,NA,NA,NA,NA,NA,NA
"AML_001_post12",0,0,0,0,0,0,0,0,0,0,0,0,0,0,0,0,0.04,0.03,1.08,0,0,73.08,0,0,35.69,76.75,NA,NA,NA,NA,NA,NA,NA,NA,NA,NA,NA,NA,NA,NA,NA,NA,NA
"AML_002_post0",0,0,0,0,0,0,0,0,0,0,0,0,0,0,0,0,0.02,0.03,1.54,0,0,61.22,0,0.01,46.68,60.88,NA,NA,NA,NA,NA,NA,NA,NA,NA,NA,NA,NA,NA,NA,NA,NA,NA
"AML_005_post4",0,0,0,0.02447,0,0.3566,0,0,0.13345,0,0,0.05311,0,0,0,0.06,0,0.04,1.31,0,0,69.59,0,0,59.01,83.69,NA,NA,NA,NA,NA,NA,NA,NA,NA,NA,NA,NA,NA,NA,NA,NA,NA
"AML_001_post18",0,0,0,0,0,0.22924,0,0,0.11121,0,0,0,0,0,0,0,0,0.02,0.77,0,0,58.02,0,0,25.49,86.05,NA,NA,NA,NA,NA,NA,NA,NA,NA,NA,NA,NA,NA,NA,NA,NA,NA
"AML_003_post15",0,0,0,0,0,0,0,0,0,0,0,0,0,0,0,0,0.01,0.05,3.12,0,0,80.06,0,0.01,41.58,69.84,NA,NA,NA,NA,NA,NA,NA,NA,NA,NA,NA,NA,NA,NA,NA,NA,NA
"AML_005_post5",0,0,0,0.02447,0,0.50942,0,0,0,0,0,0.10621,0,0,0,0.04,0,0.03,1.4,0,0,61.82,0,0,52.04,63.81,NA,NA,NA,NA,NA,NA,NA,NA,NA,NA,NA,NA,NA,NA,NA,NA,NA
"AML_013_post117",0,0,0,0,0,0,0,0,0.80071,0.42955,0,0.00885,0,0,1.37545,0.04,0.02,0.03,1.86,0,0,59.15,0,0,25.28,49.62,0,0.09,0,0.04,0.41,0,NA,NA,NA,NA,NA,NA,NA,NA,NA,NA,NA
"AML_011_post139",0,0,0,0.00816,0,0.02547,0,0.25471,0.86744,0.1933,0.02547,0.0354,0,0,2.92919,0.04,0,0.04,0.82,0,0,48.3,0,0,22.4,39.69,0,0.25,0,0.05,0.39,0.03,NA,NA,NA,NA,NA,NA,NA,NA,NA,NA,NA
"AML_013_post112",0,0,0,0.00816,0,0.33113,0.07342,0,0.88968,0.25773,0,0,0,0,2.87825,0.04,0.03,0.04,3.04,0,0,65.31,0.01,0,17.67,42.95,0,0.21,0,0.04,0.35,0,NA,NA,NA,NA,NA,NA,NA,NA,NA,NA,NA
"AML_012_post59",0,0,0,0.00816,0,0.33113,0.04895,0.22924,1.24555,0.25773,0.02547,0.00885,0.24014,0,0.15283,0.04,0.01,0.06,1.59,0,0,81.6,0,0,71.71,157.29,0,1.6,0,0.06,0.62,0.2,NA,NA,NA,NA,NA,NA,NA,NA,NA,NA,NA
"AML_010_post134",0,0,0,0,0,0,0.04895,0,1.46797,0.49399,0,0,0.08005,0.05171,0,0,0.01,0.04,1.48,0,0.01,87.62,0,0,49.03,75.8,0,0.58,0,0.04,0.17,0,NA,NA,NA,NA,NA,NA,NA,NA,NA,NA,NA
"AML_013_post36",0,0,0,0,0,0,0.04895,0,2.58007,2.7921,0,0.00885,0.40024,0.61405,0,0.04,0,0.06,2.86,0,0,68.7,0,0,53.18,50.46,0,0.36,0,0.06,0.53,0,NA,NA,NA,NA,NA,NA,NA,NA,NA,NA,NA
"AML_007_post165",0,0,0,0,0,0.10188,0.19579,0.04245,1.44573,0.49399,0,0,0.12007,0.03232,0,0.05,0.01,0.05,1.42,0,0.01,58.22,0,0,36.15,63.22,0,0.2,0,0.06,0.6,0,NA,NA,NA,NA,NA,NA,NA,NA,NA,NA,NA
"AML_014_post14",0,0,0,0,0,0.11038,0,0,0.55605,0.15034,0,0,0,0,0,0.04,0,0.08,2.11,0,0,94.02,0.01,0,43.6,67.94,0,0.32,0,0.05,0.94,0,NA,NA,NA,NA,NA,NA,NA,NA,NA,NA,NA
"AML_013_post39",0,0,0,0,0,1.98675,0.66079,0,1.73488,0.75172,0,0.00885,0.12007,0.10988,1.17168,0.05,0.01,0.06,2.52,0,0,78.4,0,0,63.38,73.18,0,0.52,0,0.05,0.55,0,NA,NA,NA,NA,NA,NA,NA,NA,NA,NA,NA
"AML_014_post27",0,0,0,0,0,0,0.02447,0,0.48932,0.10739,0,0,0.02001,0,0,0.06,0.01,0.08,2.37,0,0.02,95.46,0,0,59.06,113.13,0,0.85,0,0.07,0.69,0,NA,NA,NA,NA,NA,NA,NA,NA,NA,NA,NA
"AML_013_post40",0,0,0,0,0,0.71319,0.44053,0.01698,3.04715,2.5988,0,0.00885,0.42025,0.53649,0.07641,0.04,0.01,0.05,2.23,0,0,63.81,0,0,51.99,54.89,0,0.5,0,0.05,0.54,0,NA,NA,NA,NA,NA,NA,NA,NA,NA,NA,NA
"AML_014_post34",0,0,0,0,0,1.1462,0.97895,0.01698,0.20018,0.10739,0,0,0,0,0,0.07,0.01,0.1,2.26,0,0.09,99.89,0.01,0,66.11,113.39,0,0.54,0,0.07,0.62,0,NA,NA,NA,NA,NA,NA,NA,NA,NA,NA,NA
"AML_013_post35",0,0,0,0,0,0,0.02447,0,0.86744,0.98797,0,0,0,0.09049,3.97351,0.04,0.01,0.06,2.94,0,0,79.05,0,0,60.38,72.81,0,0.43,0,0.06,0.56,0,NA,NA,NA,NA,NA,NA,NA,NA,NA,NA,NA
"AML_010_post105",0,0,0,0,0,0,0.02447,0,0.60053,0.17182,0,0,0,0,0,0.03,0,0.02,1.57,0,0,48.18,0,0,25,44.37,0,0.41,0,0.04,0.13,0,NA,NA,NA,NA,NA,NA,NA,NA,NA,NA,NA
"AML_012_post0",0,0,0,0,0.02447,0.20377,0.02447,1.29903,1.33452,0.42955,0.07641,0.02655,0.04002,0,0.02547,0.04,0,0.04,1.73,0,0,52.56,0,0,47.11,73.88,0,1.31,0,0.06,0.91,0.19,NA,NA,NA,NA,NA,NA,NA,NA,NA,NA,NA
"AML_009_post102",0,0,0,0,0,0.30565,0.0979,0.04245,0.15569,0.04296,0,0,0,0,0.96791,0.03,0.01,0.03,1.98,0,0,61.53,0,0,27.09,69.57,0,0.15,0,0.04,0.17,0,NA,NA,NA,NA,NA,NA,NA,NA,NA,NA,NA
"AML_013_post42",0,0,0,0,0,1.55374,0.63632,0,2.71352,1.35309,0,0,0.5003,0.36197,0.10188,0.04,0.01,0.04,1.93,0,0,67.67,0,0,54,63.46,0,0.8,0,0.04,0.58,0,NA,NA,NA,NA,NA,NA,NA,NA,NA,NA,NA
"AML_013_post41",0,0,0,0,0,0.94244,0.465,0.01698,3.62544,1.84708,0,0.00885,0.6604,0.49771,0,0.06,0.01,0.05,2.25,0,0,63.16,0,0,56.91,51.05,0,0.5,0,0.05,0.56,0,NA,NA,NA,NA,NA,NA,NA,NA,NA,NA,NA
"AML_012_post61",0,0,0,0.00816,0,0.38207,0.07342,0.5349,0.46708,0.10739,0.05094,0.00885,0,0,0.20377,0.04,0.01,0.07,1.92,0,0,69.8,0,0,71.99,135.32,0,1.82,0,0.07,0.67,0.28,NA,NA,NA,NA,NA,NA,NA,NA,NA,NA,NA
"AML_014_post6",0,0,0,0,0,0.02547,0.02447,0,0.33363,0.15034,0,0,0,0,0,0.03,0,0.02,1.23,0,0,67.44,0,0,46.74,81.07,0,0.3,0,0.04,0.46,0,NA,NA,NA,NA,NA,NA,NA,NA,NA,NA,NA
"AML_002_post180",0,0,0,0,0,0.10188,0,0.1783,0,0,0.02547,0,0,0,0.86602,0.04,0,0.04,0.85,0,0,39.76,0,0,28.45,42.64,0,3.51,0,0.2,2.96,0.19,NA,NA,NA,NA,NA,NA,NA,NA,NA,NA,NA
"AML_009_post48",0,0,0,0,0.02447,0.16132,0,0.76414,0.53381,0.12887,0.07641,0,0,0,0.05094,0.06,0.01,0.08,1.55,0,0.04,77.8,0.01,0,32.63,81.94,0,0.36,0,0.13,0.42,0.13,NA,NA,NA,NA,NA,NA,NA,NA,NA,NA,NA
"AML_007_post97",3.01655,2.66765,2.735,2.88791,2.79001,3.5405,3.10817,2.64901,1.55694,1.91151,2.34335,3.10674,0,0,2.95466,0.07,0.02,0.21,1.71,0,0,77.29,0,0,71.62,118.49,0,11.63,0,0.61,8.1,3.27,NA,NA,NA,NA,NA,NA,NA,NA,NA,NA,NA
"AML_010_post51",0,0,0,0,0,0,0.04895,0.16981,0.51157,0.17182,0.02547,0.00885,0,0,0,0.03,0,0.03,1.25,0,0,45.02,0,0,25.87,32.13,0,0.72,0,0.04,0.24,0.39,NA,NA,NA,NA,NA,NA,NA,NA,NA,NA,NA
"AML_005_post172",2.98986,2.66765,2.735,2.88791,2.79001,3.51503,3.10817,2.80183,2.06851,1.99742,2.31788,3.10674,0,0,2.95466,0.04,0.04,0.07,1.62,0,0,69.66,0,0,57.63,73.25,0,10.85,0,0.38,3.34,0.84,NA,NA,NA,NA,NA,NA,NA,NA,NA,NA,NA
"AML_002_post173",0,0,0,0,0,0.02547,0,0,0,0,0,0,0,0,0,0.05,0.01,0.03,1.11,0,0,54.7,0,0,42.79,53.75,0,4.99,0,0.24,2.14,0.71,NA,NA,NA,NA,NA,NA,NA,NA,NA,NA,NA
"AML_002_post171",0,0,0,0,0,0.02547,0,0.02547,0,0,0,0,0,0,0,0.02,0.01,0.03,0.92,0,0,41.98,0,0,31.95,41.94,0,1.51,0,0.2,1.82,1.32,NA,NA,NA,NA,NA,NA,NA,NA,NA,NA,NA
"AML_007_post19",0,0,0,0,0,0,0,0,0,0.36512,0,0,0,0.17452,0,0.07,0.01,0.29,2.95,0,0,106.02,0,0,33.13,93.91,NA,NA,NA,NA,NA,NA,NA,NA,NA,NA,NA,NA,NA,NA,NA,NA,NA
"AML_004_post20",0,0,0,0.02447,0,0.38207,0,0,0.64502,0.73024,0,0.05311,0,0,0,0.05,0,0.09,1.23,0,0,65.84,0,0,19.67,45.02,NA,NA,NA,NA,NA,NA,NA,NA,NA,NA,NA,NA,NA,NA,NA,NA,NA
"AML_004_post60",0,0,0,0,0,0,0,0,1.44573,0.30069,0,0,0.62037,0.11635,0.05094,0.04,0,0.03,1.25,0,0,56.48,0,0,40.59,61.65,NA,NA,NA,NA,NA,NA,NA,NA,NA,NA,NA,NA,NA,NA,NA,NA,NA
"AML_004_post21",0,0,0,0.02447,0,0.3566,0,0,0,0,0,0.05311,0,0,0,0.04,0,0.06,1.43,0,0,55.3,0,0,21,45.32,NA,NA,NA,NA,NA,NA,NA,NA,NA,NA,NA,NA,NA,NA,NA,NA,NA
"AML_007_post7",0,0,0,0,0,0.02547,0,0,0,0,0,0,0,0,0,0.05,0.01,0.13,2.14,0,0,82.45,0,0,54.16,99.21,NA,NA,NA,NA,NA,NA,NA,NA,NA,NA,NA,NA,NA,NA,NA,NA,NA
"AML_007_post27",3.01655,2.66765,2.735,2.88791,2.76554,3.51503,3.13265,2.52165,2.11299,2.5988,2.31788,3.10674,0,0.52356,2.92919,0.07,0.01,0.33,4.83,0,0,78.29,0,0,38.26,76.61,0,3.7,0,0.57,7.42,0,NA,NA,NA,NA,NA,NA,NA,NA,NA,NA,NA
"AML_004_post13",0,0,0,0.02447,0,0.3566,0,0,0.02224,0,0,0.07966,0,0,0,0.03,0,0.03,0.89,0,0,68.58,0,0,24.92,51.04,NA,NA,NA,NA,NA,NA,NA,NA,NA,NA,NA,NA,NA,NA,NA,NA,NA
"AML_007_post1",0.0267,0,0,0,0,0,0.02447,0,0,0,0,0,0,0,0,0.05,0.01,0.28,2.83,0,0,127.46,0,0,44.44,96.2,NA,NA,NA,NA,NA,NA,NA,NA,NA,NA,NA,NA,NA,NA,NA,NA,NA
"AML_004_post12",0,0,0,0.02447,0,0.3566,0,0,0,0.1933,0,0.07966,0,0,0,0,0,0.05,1.17,0,0,68.96,0,0,25.34,60.28,NA,NA,NA,NA,NA,NA,NA,NA,NA,NA,NA,NA,NA,NA,NA,NA,NA
"AML_004_post17",0,0,0,0.02447,0,0.3566,0,0,0,0,0,0.07966,0,0,0,0.03,0,0.03,1.01,0,0,65.81,0,0,33.43,48.25,NA,NA,NA,NA,NA,NA,NA,NA,NA,NA,NA,NA,NA,NA,NA,NA,NA
"AML_004_post5",0,0,0,0.02447,0,0.38207,0,0,0,0,0,0.05311,0,0,0,0,0,0.02,0.55,0,0,72.77,0.01,0,46.37,80.95,NA,NA,NA,NA,NA,NA,NA,NA,NA,NA,NA,NA,NA,NA,NA,NA,NA
"AML_004_post26",0,0,0,0.02447,0,0.3566,0,0,0,0,0,0.07966,0,0,0,0.03,0,0.02,1.45,0,0,53.6,0,0,22.12,54.58,NA,NA,NA,NA,NA,NA,NA,NA,NA,NA,NA,NA,NA,NA,NA,NA,NA
"AML_005_post19",0,0,0,0,0,0,0,0.10188,1.5347,0.3866,0,0.02655,1.28077,0.38782,0,0.04,0.01,0.02,0.98,0,0,61.16,0.01,0,20.77,43.81,NA,NA,NA,NA,NA,NA,NA,NA,NA,NA,NA,NA,NA,NA,NA,NA,NA
"AML_003_post48",0,0,0,0.04895,0,0.45848,0,0,0.71174,0.02148,0,0.07966,0,0,0,0.03,0,0.05,2.48,0,0,71.23,0,0,47.43,97.01,NA,NA,NA,NA,NA,NA,NA,NA,NA,NA,NA,NA,NA,NA,NA,NA,NA
"AML_003_post28",0,0,0,0.02447,0,0.61131,0,0,0.31139,0,0,0.10621,0,0,0,0.03,0,0.06,2.37,0,0,61.89,0,0,22.56,49.36,NA,NA,NA,NA,NA,NA,NA,NA,NA,NA,NA,NA,NA,NA,NA,NA,NA
"AML_003_post33",0,0,0,0.02447,0,0.38207,0,0,0,0,0,0.05311,0,0,0,0.03,0,0.05,2.14,0,0,51.54,0,0,24.39,34.88,NA,NA,NA,NA,NA,NA,NA,NA,NA,NA,NA,NA,NA,NA,NA,NA,NA
"AML_004_post18",0,0,0,0.02447,0,0.3566,0,0,0,0.15034,0,0.07966,0,0,0,0,0,0.03,0.99,0,0,62.31,0,0,27.38,51.34,NA,NA,NA,NA,NA,NA,NA,NA,NA,NA,NA,NA,NA,NA,NA,NA,NA
"AML_005_post18",0,0,0,0,0.02447,0,0,0.07641,2.80249,0.42955,0,0,2.52151,0.54295,0,0.03,0,0.02,1.12,0,0,51.37,0,0,23.33,54.46,NA,NA,NA,NA,NA,NA,NA,NA,NA,NA,NA,NA,NA,NA,NA,NA,NA
"AML_003_post42",0,0,0,0.02447,0,0.3566,0,0,0,0,0,0.07966,0,0,0,0.04,0,0.14,2.31,0,0,80.85,0,0,34.31,70.38,NA,NA,NA,NA,NA,NA,NA,NA,NA,NA,NA,NA,NA,NA,NA,NA,NA
"AML_005_post25",0,0,0,0,0,0,0,0.05094,0,0,0,0,0,0,0,0.05,0.01,0.04,1.49,0,0,50.97,0,0,32.81,67.59,NA,NA,NA,NA,NA,NA,NA,NA,NA,NA,NA,NA,NA,NA,NA,NA,NA
"AML_005_post28",0,0,0,0,0,0.02547,0,0.05094,0.13345,0,0.02547,0,0.02001,0,0,0.04,0.01,0.04,1.62,0,0,51.42,0,0,36.63,69.04,NA,NA,NA,NA,NA,NA,NA,NA,NA,NA,NA,NA,NA,NA,NA,NA,NA
"AML_004_post24",0,0,0,0.02447,0,0.3566,0,0,0.31139,0.06443,0,0.07966,0,0,0,0.03,0,0.03,1.95,0,0,45.8,0,0,22.35,46.39,NA,NA,NA,NA,NA,NA,NA,NA,NA,NA,NA,NA,NA,NA,NA,NA,NA
"AML_005_post20",0,0,0,0,0,0,0,0,0,0,0,0,0,0,0,0.04,0.01,0.04,0.9,0,0,52.29,0.02,0,18.47,50.04,NA,NA,NA,NA,NA,NA,NA,NA,NA,NA,NA,NA,NA,NA,NA,NA,NA
"AML_005_post12",0,0,0,0.02447,0,0.5349,0,0,0.46708,0,0,0.07966,0,0,0,0.04,0,0.03,1.29,0,0,55.86,0,0,35.56,63.63,NA,NA,NA,NA,NA,NA,NA,NA,NA,NA,NA,NA,NA,NA,NA,NA,NA
"AML_003_post41",0,0,0,0.02447,0,0.3566,0,0,0,0,0,0.07966,0,0,0,0.04,0,0.17,2.61,0,0,83.63,0,0,32.83,76.72,NA,NA,NA,NA,NA,NA,NA,NA,NA,NA,NA,NA,NA,NA,NA,NA,NA
"AML_005_post27",0,0,0,0,0,0.02547,0,0.05094,0.51157,0.08591,0.02547,0,0.24014,0.03878,0,0.05,0.01,0.04,1.56,0,0,47.65,0,0,38.36,67.69,NA,NA,NA,NA,NA,NA,NA,NA,NA,NA,NA,NA,NA,NA,NA,NA,NA
"AML_003_post19",0,0,0,0,0,0,0,0,0,0,0,0,0,0,0,0,0,0.03,1.76,0,0,44.38,0,0.01,45.25,77.31,NA,NA,NA,NA,NA,NA,NA,NA,NA,NA,NA,NA,NA,NA,NA,NA,NA
"AML_001_post6",0,0,0,0,0,0,0,0,0.17794,0.02148,0,0,0,0,0,0.15,0,0.04,1.05,0,0,70.85,0,0,47.95,81.6,NA,NA,NA,NA,NA,NA,NA,NA,NA,NA,NA,NA,NA,NA,NA,NA,NA
"AML_002_post20",0,0,0,0,0,0,0,0,0,0,0,0,0,0,0,0,0.07,0.02,1.42,0,0,60.74,0,0,43.42,63.42,NA,NA,NA,NA,NA,NA,NA,NA,NA,NA,NA,NA,NA,NA,NA,NA,NA
"AML_001_post10",0,0,0,0,0,0,0,0,0,0,0,0,0,0,0,0,0,0.02,1.39,0,0,77.06,0,0,50.39,72.36,NA,NA,NA,NA,NA,NA,NA,NA,NA,NA,NA,NA,NA,NA,NA,NA,NA
"AML_001_post4",0,0,0,0,0,0,0,0,0,0,0,0,0,0,0,0,0,0.05,1.51,0,0,91.82,0,0,73.94,115.85,NA,NA,NA,NA,NA,NA,NA,NA,NA,NA,NA,NA,NA,NA,NA,NA,NA
"AML_001_post5",0,0,0,0,0,0,0,0,0.55605,0.25773,0,0,0,0,0,0,0,0.05,1.46,0,0,85.79,0,0.01,63.3,99.64,NA,NA,NA,NA,NA,NA,NA,NA,NA,NA,NA,NA,NA,NA,NA,NA,NA
"AML_002_post14",0,0,0,0,0,0,0,0,0,0,0,0,0,0,0,0.05,0.01,0.04,1.48,0,0,56.1,0,0.01,54.3,78.62,NA,NA,NA,NA,NA,NA,NA,NA,NA,NA,NA,NA,NA,NA,NA,NA,NA
"AML_001_post14",0,0,0,0,0,0,0,0,0,0,0,0,0,0,0,0,0,0.02,1.12,0,0,68.08,0,0,33.18,75.15,NA,NA,NA,NA,NA,NA,NA,NA,NA,NA,NA,NA,NA,NA,NA,NA,NA
"AML_001_post0",0,0,0,0,0,0,0,0.96791,1.22331,0.49399,0,0,0,0,0,0,0.02,0.04,2.49,0,0,61.46,0,0,43.36,71.45,NA,NA,NA,NA,NA,NA,NA,NA,NA,NA,NA,NA,NA,NA,NA,NA,NA
"AML_001_post3",0,0,0,0,0,0,0,0,0.82295,0.32216,0,0,0,0,0,0,0,0.08,1.65,0,0,110.04,0,0,66.1,108.7,NA,NA,NA,NA,NA,NA,NA,NA,NA,NA,NA,NA,NA,NA,NA,NA,NA
"AML_002_post3",0,0,0,0,0,0,0,0,0,0,0,0,0,0,0,0.04,0.02,0.05,1.45,0,0,82.51,0,0.01,48.97,114.93,NA,NA,NA,NA,NA,NA,NA,NA,NA,NA,NA,NA,NA,NA,NA,NA,NA
"AML_003_post9",0,0,0,0,0,0,0,0,0,0,0,0,0,0,0,0,0,0.02,2.48,0,0,63.23,0,0,40.17,58.56,NA,NA,NA,NA,NA,NA,NA,NA,NA,NA,NA,NA,NA,NA,NA,NA,NA
"AML_002_post5",0,0,0,0,0,0,0,0,0,0,0,0,0,0,0,0.05,0.01,0.05,1.89,0,0,69.24,0,0.01,68.22,96.93,NA,NA,NA,NA,NA,NA,NA,NA,NA,NA,NA,NA,NA,NA,NA,NA,NA
"AML_002_post4",0,0,0,0,0,0,0,0,0,0,0,0,0,0,0,0.06,0.02,0.05,1.6,0,0,80.11,0,0.01,66.64,130.76,NA,NA,NA,NA,NA,NA,NA,NA,NA,NA,NA,NA,NA,NA,NA,NA,NA
"AML_008_post8",2.98986,2.66765,2.735,2.88791,2.76554,3.51503,3.10817,2.52165,2.24644,2.36254,2.31788,3.10674,0,0,2.92919,0.03,0.01,0.07,1.92,0,0,99.14,0,0,52.69,64.5,0,2.97,0,0.42,4.23,0,NA,NA,NA,NA,NA,NA,NA,NA,NA,NA,NA
"AML_008_post18",2.98986,2.66765,2.735,2.88791,2.76554,3.51503,3.13265,2.52165,2.95819,4.811,2.31788,3.10674,0,1.18286,2.92919,0.03,0.01,0.06,0.9,0,0,54.66,0,0,24.9,51.77,0,1.72,0,0.29,3.48,0,NA,NA,NA,NA,NA,NA,NA,NA,NA,NA,NA
"AML_008_post21",2.98986,2.66765,2.735,2.88791,2.76554,3.51503,3.10817,2.52165,1.8016,2.70619,2.31788,3.10674,0,0,2.92919,0.04,0.01,0.08,1.12,0,0,44.57,0,0,26.65,37.84,0,2.4,0,0.3,3.87,0,NA,NA,NA,NA,NA,NA,NA,NA,NA,NA,NA
"AML_008_post12",3.01655,2.66765,2.735,2.88791,2.76554,3.5405,3.10817,2.52165,2.02402,2.5988,2.31788,3.10674,0,0.03878,2.92919,0.03,0,0.04,0.8,0,0,67.93,0,0,29.04,44.59,0,1.86,0,0.27,2.68,0,NA,NA,NA,NA,NA,NA,NA,NA,NA,NA,NA
"AML_008_post48",2.98986,2.66765,2.735,2.88791,2.79001,3.59144,3.1816,2.52165,4.00356,2.77062,2.31788,3.10674,0.54032,0,2.92919,0.05,0.11,0.07,2.99,0,0,75.68,0,0,54.14,51.82,0,7.1,0,0.31,8.15,0,NA,NA,NA,NA,NA,NA,NA,NA,NA,NA,NA
"AML_010_post15",0,0,0,0,0,2.27543,0.13053,3.23484,0.31139,0.08591,0,0.0177,0,0,0.02547,0.03,0,0.02,0.88,0,0.52,68.04,0,0,47.36,60.5,0,0.34,0,0.05,0.32,0.26,NA,NA,NA,NA,NA,NA,NA,NA,NA,NA,NA
"AML_003_post140",0,0,0,0,0,0,0,0,0,0,0,0,0,0,0,0.03,0.01,0.04,1.13,0,0,69.08,0,0,34.95,38.81,0,1.55,0,0.2,3.2,1.46,NA,NA,NA,NA,NA,NA,NA,NA,NA,NA,NA
"AML_010_post14",0,0,0,0,0,0.54339,0,0.78961,0.20018,0.08591,0,0.0177,0,0,0,0.02,0,0.02,0.95,0,0.51,70.64,0,0,45.21,59.3,0,0.9,0,0.04,0.39,0.17,NA,NA,NA,NA,NA,NA,NA,NA,NA,NA,NA
"AML_010_post9",0,0,0,0,0,0.20377,0.07342,0.07641,0.33363,0.06443,0,0,0,0,0.02547,0.02,0,0.03,1.39,0,0,70.51,0,0,60.7,69.11,0,1.07,0,0.04,0.63,0.16,NA,NA,NA,NA,NA,NA,NA,NA,NA,NA,NA
"AML_008_post7",2.98986,2.66765,2.735,2.88791,2.79001,3.5405,3.10817,2.52165,1.93505,2.04038,2.31788,3.10674,0,0,2.92919,0.04,0.01,0.07,1.61,0,0,79.19,0.01,0,63.75,66.48,0,2.6,0,0.46,4.43,0,NA,NA,NA,NA,NA,NA,NA,NA,NA,NA,NA
"AML_008_post22",2.98986,2.66765,2.735,2.88791,2.76554,3.51503,3.10817,2.52165,2.06851,2.85653,2.31788,3.10674,0,0,2.92919,0.05,0.01,0.08,1.59,0,0,49.1,0,0,32.22,44.62,0,3.48,0,0.29,5.76,0,NA,NA,NA,NA,NA,NA,NA,NA,NA,NA,NA
"AML_003_post132",0,0,0,0,0,1.29903,0.58737,1.24809,0,0,0,0,0,0,0.02547,0.04,0.01,0.06,1.69,0,0,67.56,0.01,0,59.49,98.7,0,5.07,0,0.37,4.91,2.32,NA,NA,NA,NA,NA,NA,NA,NA,NA,NA,NA
"AML_008_post11",2.98986,2.66765,2.735,2.88791,2.76554,3.51503,3.10817,2.52165,2.02402,2.55584,2.31788,3.10674,0,0,2.92919,0.03,0.01,0.04,1.02,0,0,73.25,0,0,36.64,56.36,0,2.03,0,0.3,2.31,0,NA,NA,NA,NA,NA,NA,NA,NA,NA,NA,NA
"AML_010_post20",0,0,0,0,0,0.00849,0,0.1783,0.55605,0.27921,0,0,0,0,0,0.04,0.01,0.05,1.63,0,0,60.61,0,0,28.19,44.72,0,0.97,0,0.04,0.53,1.12,NA,NA,NA,NA,NA,NA,NA,NA,NA,NA,NA
"AML_008_post19",2.98986,2.66765,2.735,2.88791,2.76554,3.51503,3.13265,2.52165,2.09075,2.9854,2.31788,3.10674,0,0,2.92919,0.04,0.01,0.05,1,0,0,52.41,0.01,0,27.3,50.46,0,2.38,0,0.3,3.48,0,NA,NA,NA,NA,NA,NA,NA,NA,NA,NA,NA
"AML_009_post12",0,0,0,0,0,0.12736,0.02447,0,0.24466,0.12887,0,0,0,0,0,0.03,0,0.03,1.09,0,0,59.26,0,0,32.1,85.36,0,0.17,0,0.04,0.43,0,NA,NA,NA,NA,NA,NA,NA,NA,NA,NA,NA
"AML_009_post11",0,0,0,0,0,0.07641,0.04895,0.02547,0.40036,0.21478,0,0,0,0,0,0.02,0,0.04,1.29,0.01,0,74.21,0,0,39.4,87.1,0,0.14,0,0.05,0.45,0,NA,NA,NA,NA,NA,NA,NA,NA,NA,NA,NA
"AML_010_post5",0,0,0,0,0,0.05094,0.04895,0.1783,0.48932,0.21478,0,0,0,0,0.05094,0.03,0,0.03,1.31,0,0,62.87,0,0,72.66,89.04,0,0.71,0,0.06,0.83,0.39,NA,NA,NA,NA,NA,NA,NA,NA,NA,NA,NA
"AML_007_post61",3.01655,2.66765,2.735,2.88791,2.79001,3.59144,3.13265,2.57259,2.20196,1.97595,2.31788,3.10674,0,0,3.15843,0.06,0.01,0.17,1.88,0,0,77.55,0,0,68.52,108.57,0,13.18,0,0.48,9.18,0,NA,NA,NA,NA,NA,NA,NA,NA,NA,NA,NA
"AML_008_post15",2.98986,2.66765,2.735,2.88791,2.79001,3.51503,3.13265,2.52165,3.35854,5.26203,2.31788,3.10674,0.70042,2.46267,2.92919,0.02,0.01,0.07,1.06,0,0,78.23,0,0,31.95,58.82,0,1.32,0,0.27,4.39,0,NA,NA,NA,NA,NA,NA,NA,NA,NA,NA,NA
"AML_008_post20",3.01655,2.66765,2.735,2.88791,2.76554,3.51503,3.13265,2.52165,2.11299,3.54381,2.31788,3.10674,0,0.05817,2.92919,0.04,0.01,0.08,1.12,0,0,49.97,0.01,0,24.97,47.23,0,2.69,0,0.29,3.4,0,NA,NA,NA,NA,NA,NA,NA,NA,NA,NA,NA
"AML_010_post0",0,0,0,0,0,0.15283,0.0979,0.12736,0.88968,0.17182,0,0,0,0,0,0.02,0,0.04,1.42,0,0,57.11,0,0,62.05,68.54,0,1.19,0,0.04,1.08,0.26,NA,NA,NA,NA,NA,NA,NA,NA,NA,NA,NA
"AML_002_post131",0,0,0,0,0,0,0,0,0,0,0,0,0,0,0.02547,0.02,0.01,0.04,1.3,0,0.01,64.55,0.01,0,44.54,63.09,0,5.03,0,0.37,2.68,3.78,NA,NA,NA,NA,NA,NA,NA,NA,NA,NA,NA
"AML_010_post23",0,0,0,0,0,0.00849,0,0.10188,0.20018,0.21478,0,0,0,0,0,0.03,0,0.03,1.22,0,0,51.37,0,0,28.23,54.25,0,0.7,0,0.04,0.23,0.37,NA,NA,NA,NA,NA,NA,NA,NA,NA,NA,NA
"AML_003_post128",0,0,0,0,0,0.07641,0.02447,0.07641,0.37811,0.06443,0.02547,0,0.14008,0.03878,0.02547,0.04,0.01,0.06,1.64,0,0,67.22,0,0,53.31,94.89,0,5.16,0,0.28,4.24,1.65,NA,NA,NA,NA,NA,NA,NA,NA,NA,NA,NA
"AML_002_post166",0,0,0,0,0,0.02547,0,0,0,0,0,0.02655,0,0,0,0.04,0.01,0.07,1.77,0,0,62.72,0.01,0,60.31,65.05,0,11.21,0,0.47,3.34,1.14,NA,NA,NA,NA,NA,NA,NA,NA,NA,NA,NA
"AML_008_post35",2.98986,2.66765,2.735,2.88791,2.76554,3.51503,3.10817,2.52165,1.97954,2.08333,2.31788,3.10674,0,0,2.92919,0.04,0.01,0.09,1.63,0,0,80.3,0.01,0,52.18,67.66,0,4.03,0,0.39,5.94,0,NA,NA,NA,NA,NA,NA,NA,NA,NA,NA,NA
"AML_002_post168",0,0,0,0,0,0,0,0,0.08897,0.04296,0,0,0,0,0.15283,0.04,0.01,0.05,1.58,0,0,58.47,0.02,0,55.39,61.39,0,7.1,0,0.36,3.12,1.77,NA,NA,NA,NA,NA,NA,NA,NA,NA,NA,NA
"AML_009_post0",2.98986,2.66765,2.735,2.88791,2.79001,3.51503,3.10817,2.77636,2.20196,2.08333,2.34335,3.10674,0,0,2.92919,0.04,0.03,0.03,0.98,0,0.02,52.03,0,0,36.17,44.68,0,4.4,0,0.6,3.17,6.31,NA,NA,NA,NA,NA,NA,NA,NA,NA,NA,NA
"AML_009_post14",0,0,0,0,0,0.05094,0.04895,0,0.64502,0.12887,0,0,0,0,0,0.03,0,0.05,1.26,0.01,0,78.53,0,0,41.43,126.07,0,0.17,0,0.04,0.43,0,NA,NA,NA,NA,NA,NA,NA,NA,NA,NA,NA
"AML_002_post167",0,0,0,0,0,0,0,0,0.02224,0.06443,0,0,0,0.01939,1.09526,0.04,0.01,0.05,1.53,0,0,64.31,0.01,0,59.07,62.34,0,7.02,0,0.3,3.24,1.07,NA,NA,NA,NA,NA,NA,NA,NA,NA,NA,NA
"AML_008_post6",2.98986,2.66765,2.735,2.88791,2.76554,3.5405,3.10817,2.52165,1.75712,2.12629,2.31788,3.10674,0,0,2.92919,0.03,0.01,0.04,1.08,0,0,57.61,0,0,48.01,58.19,0,1.75,0,0.32,4.21,0,NA,NA,NA,NA,NA,NA,NA,NA,NA,NA,NA
"AML_002_post132",0,0,0,0,0,0,0,0,0,0,0,0,0,0,0,0.02,0,0.03,0.57,0,0,35.61,0.01,0,22.24,36.72,0,1.83,0,0.19,1.41,1.41,NA,NA,NA,NA,NA,NA,NA,NA,NA,NA,NA
"AML_002_post165",0,0,0,0,0,0,0,0,0.02224,0,0,0.02655,0,0,0,0.03,0.01,0.06,1.67,0,0,63.35,0,0,55.83,62.02,0,6.75,0,0.34,3.04,0.97,NA,NA,NA,NA,NA,NA,NA,NA,NA,NA,NA
"AML_007_post75",3.01655,2.66765,2.735,2.88791,2.79001,3.51503,3.10817,2.62354,1.73488,1.95447,2.31788,3.10674,0,0,2.95466,0.05,0.01,0.07,1.69,0,0,55.68,0,0,40.92,67.77,0,4.37,0,0.28,6.44,0,NA,NA,NA,NA,NA,NA,NA,NA,NA,NA,NA
"AML_010_post6",0,0,0,0,0,0.28018,0.07342,0.30565,0.73399,0.23625,0.02547,0,0,0,0.07641,0.02,0,0.03,1.24,0,0,62.83,0.01,0,66.41,71.31,0,0.8,0,0.05,0.67,0.33,NA,NA,NA,NA,NA,NA,NA,NA,NA,NA,NA
"AML_002_post160",0,0,0,0,0,0.1783,0.26921,0.50942,0.06673,0.04296,0,0,0,0.01939,0.45848,0.04,0.01,0.04,1.63,0,0,43.1,0.01,0,43.13,51.58,0,8.37,0,0.14,2.63,7.77,NA,NA,NA,NA,NA,NA,NA,NA,NA,NA,NA
"AML_003_post135",0,0,0,0,0,0,0,0,0.44484,0.15034,0.02547,0.02655,0.22013,0.05817,0,0.04,0.01,0.05,1.57,0,0,67.3,0,0,56.49,71.85,0,3.33,0,0.24,5.19,2.16,NA,NA,NA,NA,NA,NA,NA,NA,NA,NA,NA
